gene,dinucleotide,position,trx score
eYAL001C,tt,9,0
eYAL001C,tt,10,0
eYAL001C,ta,11,0
eYAL001C,ac,12,0
eYAL001C,ct,13,0
eYAL001C,tt,14,0
eYAL001C,tt,15,0
eYAL001C,tt,16,0
eYAL001C,ta,17,0
eYAL001C,at,18,0
eYAL001C,tg,19,0
eYAL001C,gt,20,0
eYAL001C,ta,21,0
eYAL001C,aa,22,0
eYAL001C,ag,23,0
eYAL001C,gg,24,0
eYAL001C,ga,25,0
eYAL001C,aa,26,0
eYAL001C,aa,27,0
eYAL001C,aa,28,0
eYAL001C,ac,29,0
eYAL001C,ct,30,0
eYAL001C,tg,31,0
eYAL001C,gc,32,0
eYAL001C,ca,33,0
eYAL001C,at,34,0
eYAL001C,tt,35,0
eYAL001C,ta,36,0
eYAL001C,aa,37,0
eYAL001C,aa,38,0
eYAL001C,at,39,0
eYAL001C,ta,40,0
eYAL001C,aa,51,0
eYAL001C,aa,52,0
eYAL001C,aa,53,0
eYAL001C,aa,54,0
eYAL001C,ag,55,0
eYAL001C,gg,56,0
eYAL001C,gt,57,0
eYAL001C,ta,58,0
eYAL001C,at,59,0
eYAL001C,ta,60,0
eYAL001C,GG,69,42
eYAL001C,GT,70,4
eYAL001C,TT,71,5
eYAL001C,TA,72,14
eYAL001C,AA,73,5
eYAL001C,AC,74,4
eYAL001C,CC,75,42
eYAL001C,CA,76,42
eYAL001C,AT,77,0
eYAL001C,TA,78,14
eYAL001C,AA,79,5
eYAL001C,AC,80,4
eYAL001C,CT,81,9
eYAL001C,TG,82,42
eYAL001C,GG,83,42
eYAL001C,GT,84,4
eYAL001C,TA,85,14
eYAL001C,AT,86,0
eYAL001C,TT,87,5
eYAL001C,TC,88,22
eYAL001C,CT,89,9
eYAL001C,TC,90,22
eYAL001C,CT,91,9
eYAL001C,TG,92,42
eYAL001C,GT,93,4
eYAL001C,TT,94,5
eYAL001C,TT,95,5
eYAL001C,TG,96,42
eYAL001C,GA,97,22
eYAL001C,AG,98,9
eYAL001C,GT,99,4
eYAL001C,TT,100,5
eYAL001C,TT,101,5
eYAL001C,TA,102,14
eYAL001C,AC,103,4
eYAL001C,CG,104,43
eYAL001C,GT,105,4
eYAL001C,TA,106,14
eYAL001C,AA,107,5
eYAL001C,Ac,108,0
eYAL001C,ct,109,0
eYAL001C,ta,110,0
eYAL001C,aa,111,0
eYAL001C,aa,112,0
eYAL001C,aa,113,0
eYAL001C,at,114,0
eYAL001C,ta,115,0
eYAL001C,aa,116,0
eYAL001C,aa,117,0
eYAL001C,ag,118,0
eYAL001C,gt,119,0
eYAL001C,tc,120,0
eYAL001C,ca,121,0
eYAL001C,at,122,0
eYAL001C,tg,123,0
eYAL001C,gt,124,0
eYAL001C,ta,125,0
eYAL001C,aa,126,0
eYAL001C,at,127,0
eYAL001C,tA,128,0
eYAL001C,AA,129,5
eYAL001C,AT,130,0
eYAL001C,TA,131,14
eYAL001C,AT,132,0
eYAL001C,TG,133,42
eYAL001C,GC,134,25
eYAL001C,CA,135,42
eYAL001C,AA,136,5
eYAL001C,AG,137,9
eYAL001C,GT,138,4
eYAL001C,TG,139,42
eYAL001C,GG,140,42
eYAL001C,GC,141,25
eYAL001C,CT,142,9
eYAL001C,TC,143,22
eYAL001C,CC,144,42
eYAL001C,CT,145,9
eYAL001C,TA,146,14
eYAL001C,AG,147,9
eYAL001C,GA,148,22
eYAL001C,AA,149,5
eYAL001C,AA,150,5
eYAL001C,AG,151,9
eYAL001C,GA,152,22
eYAL001C,AC,153,4
eYAL001C,CA,154,42
eYAL001C,AA,155,5
eYAL001C,AG,156,9
eYAL001C,GT,157,4
eYAL001C,TT,158,5
eYAL001C,TT,159,5
eYAL001C,TT,160,5
eYAL001C,TA,161,14
eYAL001C,AA,162,5
eYAL001C,AT,163,0
eYAL001C,TG,164,42
eYAL001C,GA,165,22
eYAL001C,AA,166,5
eYAL001C,AT,167,0
eYAL001C,TA,168,14
eYAL001C,AT,169,0
eYAL001C,TG,170,42
eYAL001C,GG,171,42
eYAL001C,GG,172,42
eYAL001C,GC,173,25
eYAL001C,CT,174,9
eYAL001C,TT,175,5
eYAL001C,TT,176,5
eYAL001C,TA,177,14
eYAL001C,AG,178,9
eYAL001C,GT,179,4
eYAL001C,TG,180,42
eYAL001C,GG,181,42
eYAL001C,GT,182,4
eYAL001C,TT,183,5
eYAL001C,TT,184,5
eYAL001C,TC,185,22
eYAL001C,CT,186,9
eYAL001C,TG,187,42
eYAL001C,GA,188,22
eYAL001C,AA,189,5
eYAL001C,AC,190,4
eYAL001C,CC,191,42
eYAL001C,CC,192,42
eYAL001C,CT,193,9
eYAL001C,TG,194,42
eYAL001C,GA,195,22
eYAL001C,AG,196,9
eYAL001C,GC,197,25
eYAL001C,CA,198,42
eYAL001C,AG,199,9
eYAL001C,GG,200,42
eYAL001C,GT,201,4
eYAL001C,TT,202,5
eYAL001C,TG,203,42
eYAL001C,GC,204,25
eYAL001C,CA,205,42
eYAL001C,AC,206,4
eYAL001C,CT,207,9
eYAL001C,TT,208,5
eYAL001C,TT,209,5
eYAL001C,TA,210,14
eYAL001C,AA,211,5
eYAL001C,AA,212,5
eYAL001C,AT,213,0
eYAL001C,TG,214,42
eYAL001C,GC,215,25
eYAL001C,CC,216,42
eYAL001C,CG,217,43
eYAL001C,GT,218,4
eYAL001C,TG,219,42
eYAL001C,GA,220,22
eYAL001C,AA,221,5
eYAL001C,AG,222,9
eYAL001C,GT,223,4
eYAL001C,TA,224,14
eYAL001C,AC,225,4
eYAL001C,CT,226,9
eYAL001C,TT,227,5
eYAL001C,TT,228,5
eYAL001C,TC,229,22
eYAL001C,CG,230,43
eYAL001C,GC,231,25
eYAL001C,CT,232,9
eYAL001C,TC,233,22
eYAL001C,CC,234,42
eYAL001C,CA,235,42
eYAL001C,AA,236,5
eYAL001C,AG,237,9
eYAL001C,GA,238,22
eYAL001C,AA,239,5
eYAL001C,AA,240,5
eYAL001C,AT,241,0
eYAL001C,TT,242,5
eYAL001C,TT,243,5
eYAL001C,TC,244,22
eYAL001C,CT,245,9
eYAL001C,TG,246,42
eYAL001C,GA,247,22
eYAL001C,AA,248,5
eYAL001C,AA,249,5
eYAL001C,AA,250,5
eYAL001C,AT,251,0
eYAL001C,TA,252,14
eYAL001C,AT,253,0
eYAL001C,TA,254,14
eYAL001C,AT,255,0
eYAL001C,TG,256,42
eYAL001C,GG,257,42
eYAL001C,GA,258,22
eYAL001C,AA,259,5
eYAL001C,AG,260,9
eYAL001C,GC,261,25
eYAL001C,CA,262,42
eYAL001C,AA,263,5
eYAL001C,AG,264,9
eYAL001C,GT,265,4
eYAL001C,TA,266,14
eYAL001C,AG,267,9
eYAL001C,GT,268,4
eYAL001C,TT,269,5
eYAL001C,TA,270,14
eYAL001C,AC,271,4
eYAL001C,CT,272,9
eYAL001C,TA,273,14
eYAL001C,AT,274,0
eYAL001C,TG,275,42
eYAL001C,GG,276,42
eYAL001C,GT,277,4
eYAL001C,TC,278,22
eYAL001C,CG,279,43
eYAL001C,GT,280,4
eYAL001C,TC,281,22
eYAL001C,CA,282,42
eYAL001C,AA,283,5
eYAL001C,AT,284,0
eYAL001C,TG,285,42
eYAL001C,GA,286,22
eYAL001C,AA,287,5
eYAL001C,AA,288,5
eYAL001C,AT,289,0
eYAL001C,TA,290,14
eYAL001C,AC,291,4
eYAL001C,CA,292,42
eYAL001C,AA,293,5
eYAL001C,AT,294,0
eYAL001C,TT,295,5
eYAL001C,TT,296,5
eYAL001C,TC,297,22
eYAL001C,CA,298,42
eYAL001C,AT,299,0
eYAL001C,TC,300,22
eYAL001C,CC,301,42
eYAL001C,CA,302,42
eYAL001C,AG,303,9
eYAL001C,GG,304,42
eYAL001C,GA,305,22
eYAL001C,AA,306,5
eYAL001C,AT,307,0
eYAL001C,TT,308,5
eYAL001C,TA,309,14
eYAL001C,AT,310,0
eYAL001C,TT,311,5
eYAL001C,TC,312,22
eYAL001C,CC,313,42
eYAL001C,CG,314,43
eYAL001C,GC,315,25
eYAL001C,CT,316,9
eYAL001C,TT,317,5
eYAL001C,TG,318,42
eYAL001C,GG,319,42
eYAL001C,GA,320,22
eYAL001C,AA,321,5
eYAL001C,AA,322,5
eYAL001C,AG,323,9
eYAL001C,GC,324,25
eYAL001C,CC,325,42
eYAL001C,CC,326,42
eYAL001C,CT,327,9
eYAL001C,TT,328,5
eYAL001C,TT,329,5
eYAL001C,TT,330,5
eYAL001C,TC,331,22
eYAL001C,CC,332,42
eYAL001C,CC,333,42
eYAL001C,CG,334,43
eYAL001C,GT,335,4
eYAL001C,TT,336,5
eYAL001C,TT,337,5
eYAL001C,TG,338,42
eYAL001C,GT,339,4
eYAL001C,TG,340,42
eYAL001C,GG,341,42
eYAL001C,GG,342,42
eYAL001C,GT,343,4
eYAL001C,TT,344,5
eYAL001C,TG,345,42
eYAL001C,GA,346,22
eYAL001C,AT,347,0
eYAL001C,TG,348,42
eYAL001C,GG,349,42
eYAL001C,GA,350,22
eYAL001C,AT,351,0
eYAL001C,TA,352,14
eYAL001C,AT,353,0
eYAL001C,TG,354,42
eYAL001C,GG,355,42
eYAL001C,GT,356,4
eYAL001C,TT,357,5
eYAL001C,TC,358,22
eYAL001C,CC,359,42
eYAL001C,CA,360,42
eYAL001C,AT,361,0
eYAL001C,TT,362,5
eYAL001C,TA,363,14
eYAL001C,AG,364,9
eYAL001C,GA,365,22
eYAL001C,AC,366,4
eYAL001C,CC,367,42
eYAL001C,CT,368,9
eYAL001C,TT,369,5
eYAL001C,TT,370,5
eYAL001C,TA,371,14
eYAL001C,AA,372,5
eYAL001C,AT,373,0
eYAL001C,TT,374,5
eYAL001C,TA,375,14
eYAL001C,AT,376,0
eYAL001C,TA,377,14
eYAL001C,AT,378,0
eYAL001C,TA,379,14
eYAL001C,AT,380,0
eYAL001C,TT,381,5
eYAL001C,TC,382,22
eYAL001C,CC,383,42
eYAL001C,CA,384,42
eYAL001C,AA,385,5
eYAL001C,AA,386,5
eYAL001C,AT,387,0
eYAL001C,TT,388,5
eYAL001C,TT,389,5
eYAL001C,TC,390,22
eYAL001C,CA,391,42
eYAL001C,AA,392,5
eYAL001C,AT,393,0
eYAL001C,TC,394,22
eYAL001C,CA,395,42
eYAL001C,AA,396,5
eYAL001C,AA,397,5
eYAL001C,AA,398,5
eYAL001C,AT,399,0
eYAL001C,TT,400,5
eYAL001C,TG,401,42
eYAL001C,GA,402,22
eYAL001C,AA,403,5
eYAL001C,AC,404,4
eYAL001C,CA,405,42
eYAL001C,AA,406,5
eYAL001C,AG,407,9
eYAL001C,GC,408,25
eYAL001C,CC,409,42
eYAL001C,CA,410,42
eYAL001C,AA,411,5
eYAL001C,AA,412,5
eYAL001C,AA,413,5
eYAL001C,AC,414,4
eYAL001C,CA,415,42
eYAL001C,AA,416,5
eYAL001C,AT,417,0
eYAL001C,TC,418,22
eYAL001C,CT,419,9
eYAL001C,TG,420,42
eYAL001C,GC,421,25
eYAL001C,CT,422,9
eYAL001C,TG,423,42
eYAL001C,GT,424,4
eYAL001C,TC,425,22
eYAL001C,CC,426,42
eYAL001C,CA,427,42
eYAL001C,AA,428,5
eYAL001C,AA,429,5
eYAL001C,AA,430,5
eYAL001C,AC,431,4
eYAL001C,CG,432,43
eYAL001C,GT,433,4
eYAL001C,TT,434,5
eYAL001C,TC,435,22
eYAL001C,CG,436,43
eYAL001C,GG,437,42
eYAL001C,GC,438,25
eYAL001C,CC,439,42
eYAL001C,CA,440,42
eYAL001C,AT,441,0
eYAL001C,TT,442,5
eYAL001C,TG,443,42
eYAL001C,GA,444,22
eYAL001C,AC,445,4
eYAL001C,CT,446,9
eYAL001C,TT,447,5
eYAL001C,TA,448,14
eYAL001C,AT,449,0
eYAL001C,TA,450,14
eYAL001C,AC,451,4
eYAL001C,CT,452,9
eYAL001C,TT,453,5
eYAL001C,TC,454,22
eYAL001C,CA,455,42
eYAL001C,AA,456,5
eYAL001C,AG,457,9
eYAL001C,GA,458,22
eYAL001C,AA,459,5
eYAL001C,AG,460,9
eYAL001C,GA,461,22
eYAL001C,AT,462,0
eYAL001C,TT,463,5
eYAL001C,TT,464,5
eYAL001C,TG,465,42
eYAL001C,GA,466,22
eYAL001C,AA,467,5
eYAL001C,AA,468,5
eYAL001C,AT,469,0
eYAL001C,TA,470,14
eYAL001C,AA,471,5
eYAL001C,AG,472,9
eYAL001C,GA,473,22
eYAL001C,AA,474,5
eYAL001C,AC,475,4
eYAL001C,CC,476,42
eYAL001C,CC,477,42
eYAL001C,CT,478,9
eYAL001C,TA,479,14
eYAL001C,AA,480,5
eYAL001C,AC,481,4
eYAL001C,CT,482,9
eYAL001C,TC,483,22
eYAL001C,CC,484,42
eYAL001C,CA,485,42
eYAL001C,AC,486,4
eYAL001C,CC,487,42
eYAL001C,CG,488,43
eYAL001C,GG,489,42
eYAL001C,GT,490,4
eYAL001C,TA,491,14
eYAL001C,AT,492,0
eYAL001C,TT,493,5
eYAL001C,TA,494,14
eYAL001C,AG,495,9
eYAL001C,GT,496,4
eYAL001C,TT,497,5
eYAL001C,TG,498,42
eYAL001C,GA,499,22
eYAL001C,AT,500,0
eYAL001C,TT,501,5
eYAL001C,TT,502,5
eYAL001C,TG,503,42
eYAL001C,GG,504,42
eYAL001C,GT,505,4
eYAL001C,TT,506,5
eYAL001C,TT,507,5
eYAL001C,TC,508,22
eYAL001C,CT,509,9
eYAL001C,TT,510,5
eYAL001C,TC,511,22
eYAL001C,CT,512,9
eYAL001C,TG,513,42
eYAL001C,GA,514,22
eYAL001C,AG,515,9
eYAL001C,GT,516,4
eYAL001C,TT,517,5
eYAL001C,TA,518,14
eYAL001C,AT,519,0
eYAL001C,TT,520,5
eYAL001C,TG,521,42
eYAL001C,GA,522,22
eYAL001C,AG,523,9
eYAL001C,GC,524,25
eYAL001C,CA,525,42
eYAL001C,AT,526,0
eYAL001C,TG,527,42
eYAL001C,GA,528,22
eYAL001C,AA,529,5
eYAL001C,AT,530,0
eYAL001C,TA,531,14
eYAL001C,AT,532,0
eYAL001C,TA,533,14
eYAL001C,AA,534,5
eYAL001C,AT,535,0
eYAL001C,TA,536,14
eYAL001C,AC,537,4
eYAL001C,CC,538,42
eYAL001C,CA,539,42
eYAL001C,AA,540,5
eYAL001C,AT,541,0
eYAL001C,TG,542,42
eYAL001C,GA,543,22
eYAL001C,AT,544,0
eYAL001C,TG,545,42
eYAL001C,GA,546,22
eYAL001C,AG,547,9
eYAL001C,GG,548,42
eYAL001C,GC,549,25
eYAL001C,CT,550,9
eYAL001C,TA,551,14
eYAL001C,AT,552,0
eYAL001C,TT,553,5
eYAL001C,TG,554,42
eYAL001C,GG,555,42
eYAL001C,GA,556,22
eYAL001C,AG,557,9
eYAL001C,GG,558,42
eYAL001C,GT,559,4
eYAL001C,TT,560,5
eYAL001C,TG,561,42
eYAL001C,GG,562,42
eYAL001C,GA,563,22
eYAL001C,AA,564,5
eYAL001C,AA,565,5
eYAL001C,AC,566,4
eYAL001C,CG,567,43
eYAL001C,GC,568,25
eYAL001C,CC,569,42
eYAL001C,CA,570,42
eYAL001C,AT,571,0
eYAL001C,TT,572,5
eYAL001C,TG,573,42
eYAL001C,GT,574,4
eYAL001C,TT,575,5
eYAL001C,TA,576,14
eYAL001C,AT,577,0
eYAL001C,TT,578,5
eYAL001C,TA,579,14
eYAL001C,AA,580,5
eYAL001C,AC,581,4
eYAL001C,CC,582,42
eYAL001C,CA,583,42
eYAL001C,AA,584,5
eYAL001C,AG,585,9
eYAL001C,GA,586,22
eYAL001C,AA,587,5
eYAL001C,AC,588,4
eYAL001C,CC,589,42
eYAL001C,CA,590,42
eYAL001C,AT,591,0
eYAL001C,TC,592,22
eYAL001C,CC,593,42
eYAL001C,CG,594,43
eYAL001C,GA,595,22
eYAL001C,AC,596,4
eYAL001C,CA,597,42
eYAL001C,AT,598,0
eYAL001C,TA,599,14
eYAL001C,AT,600,0
eYAL001C,TC,601,22
eYAL001C,CT,602,9
eYAL001C,TT,603,5
eYAL001C,TC,604,22
eYAL001C,CA,605,42
eYAL001C,AT,606,0
eYAL001C,TG,607,42
eYAL001C,GA,608,22
eYAL001C,AA,609,5
eYAL001C,AG,610,9
eYAL001C,GT,611,4
eYAL001C,TA,612,14
eYAL001C,AA,613,5
eYAL001C,AA,614,5
eYAL001C,AG,615,9
eYAL001C,GG,616,42
eYAL001C,GA,617,22
eYAL001C,AA,618,5
eYAL001C,AA,619,5
eYAL001C,AC,620,4
eYAL001C,CT,621,9
eYAL001C,TA,622,14
eYAL001C,AC,623,4
eYAL001C,CA,624,42
eYAL001C,AA,625,5
eYAL001C,AA,626,5
eYAL001C,AG,627,9
eYAL001C,GA,628,22
eYAL001C,AC,629,4
eYAL001C,CT,630,9
eYAL001C,TT,631,5
eYAL001C,TC,632,22
eYAL001C,CG,633,43
eYAL001C,GA,634,22
eYAL001C,AA,635,5
eYAL001C,AC,636,4
eYAL001C,CT,637,9
eYAL001C,TT,638,5
eYAL001C,TG,639,42
eYAL001C,GC,640,25
eYAL001C,CT,641,9
eYAL001C,TT,642,5
eYAL001C,TT,643,5
eYAL001C,TT,644,5
eYAL001C,TC,645,22
eYAL001C,CA,646,42
eYAL001C,AA,647,5
eYAL001C,AT,648,0
eYAL001C,TA,649,14
eYAL001C,AT,650,0
eYAL001C,TA,651,14
eYAL001C,AG,652,9
eYAL001C,GA,653,22
eYAL001C,AA,654,5
eYAL001C,AC,655,4
eYAL001C,CT,656,9
eYAL001C,TA,657,14
eYAL001C,AA,658,5
eYAL001C,AG,659,9
eYAL001C,GA,660,22
eYAL001C,AT,661,0
eYAL001C,TT,662,5
eYAL001C,TA,663,14
eYAL001C,AA,664,5
eYAL001C,AT,665,0
eYAL001C,TG,666,42
eYAL001C,GA,667,22
eYAL001C,AG,668,9
eYAL001C,GC,669,25
eYAL001C,CA,670,42
eYAL001C,AA,671,5
eYAL001C,AG,672,9
eYAL001C,GT,673,4
eYAL001C,TT,674,5
eYAL001C,TT,675,5
eYAL001C,TA,676,14
eYAL001C,AT,677,0
eYAL001C,TC,678,22
eYAL001C,CT,679,9
eYAL001C,TG,680,42
eYAL001C,GC,681,25
eYAL001C,CA,682,42
eYAL001C,AT,683,0
eYAL001C,TG,684,42
eYAL001C,GG,685,42
eYAL001C,GT,686,4
eYAL001C,TG,687,42
eYAL001C,GC,688,25
eYAL001C,CA,689,42
eYAL001C,AA,690,5
eYAL001C,AA,691,5
eYAL001C,AA,692,5
eYAL001C,AC,693,4
eYAL001C,CT,694,9
eYAL001C,TT,695,5
eYAL001C,TG,696,42
eYAL001C,GA,697,22
eYAL001C,AA,698,5
eYAL001C,AT,699,0
eYAL001C,TG,700,42
eYAL001C,GT,701,4
eYAL001C,TA,702,14
eYAL001C,AC,703,4
eYAL001C,CT,704,9
eYAL001C,TG,705,42
eYAL001C,GA,706,22
eYAL001C,AC,707,4
eYAL001C,CA,708,42
eYAL001C,AC,709,4
eYAL001C,CA,710,42
eYAL001C,AC,711,4
eYAL001C,CT,712,9
eYAL001C,TA,713,14
eYAL001C,AC,714,4
eYAL001C,CT,715,9
eYAL001C,TA,716,14
eYAL001C,AG,717,9
eYAL001C,GA,718,22
eYAL001C,AC,719,4
eYAL001C,CA,720,42
eYAL001C,AT,721,0
eYAL001C,TT,722,5
eYAL001C,TT,723,5
eYAL001C,TT,724,5
eYAL001C,TG,725,42
eYAL001C,GA,726,22
eYAL001C,AA,727,5
eYAL001C,AA,728,5
eYAL001C,AT,729,0
eYAL001C,TT,730,5
eYAL001C,TG,731,42
eYAL001C,GA,732,22
eYAL001C,AA,733,5
eYAL001C,AG,734,9
eYAL001C,GA,735,22
eYAL001C,AA,736,5
eYAL001C,AT,737,0
eYAL001C,TG,738,42
eYAL001C,GT,739,4
eYAL001C,TA,740,14
eYAL001C,AG,741,9
eYAL001C,GG,742,42
eYAL001C,GA,743,22
eYAL001C,AA,744,5
eYAL001C,AA,745,5
eYAL001C,AA,746,5
eYAL001C,AG,747,9
eYAL001C,GA,748,22
eYAL001C,AG,749,9
eYAL001C,GT,750,4
eYAL001C,TC,751,22
eYAL001C,CA,752,42
eYAL001C,AA,753,5
eYAL001C,AT,754,0
eYAL001C,TA,755,14
eYAL001C,AG,756,9
eYAL001C,GA,757,22
eYAL001C,AT,758,0
eYAL001C,TA,759,14
eYAL001C,AA,760,5
eYAL001C,AT,761,0
eYAL001C,TG,762,42
eYAL001C,GT,763,4
eYAL001C,TT,764,5
eYAL001C,TA,765,14
eYAL001C,AT,766,0
eYAL001C,TT,767,5
eYAL001C,TA,768,14
eYAL001C,AT,769,0
eYAL001C,TG,770,42
eYAL001C,GG,771,42
eYAL001C,GA,772,22
eYAL001C,AT,773,0
eYAL001C,TA,774,14
eYAL001C,AT,775,0
eYAL001C,TG,776,42
eYAL001C,GG,777,42
eYAL001C,GC,778,25
eYAL001C,CT,779,9
eYAL001C,TA,780,14
eYAL001C,AG,781,9
eYAL001C,GA,782,22
eYAL001C,AG,783,9
eYAL001C,GA,784,22
eYAL001C,AG,785,9
eYAL001C,GA,786,22
eYAL001C,AA,787,5
eYAL001C,AT,788,0
eYAL001C,TA,789,14
eYAL001C,AC,790,4
eYAL001C,CA,791,42
eYAL001C,AG,792,9
eYAL001C,GT,793,4
eYAL001C,TG,794,42
eYAL001C,GA,795,22
eYAL001C,AT,796,0
eYAL001C,TT,797,5
eYAL001C,TC,798,22
eYAL001C,CG,799,43
eYAL001C,GG,800,42
eYAL001C,GT,801,4
eYAL001C,TC,802,22
eYAL001C,CG,803,43
eYAL001C,GA,804,22
eYAL001C,AT,805,0
eYAL001C,TT,806,5
eYAL001C,TC,807,22
eYAL001C,CT,808,9
eYAL001C,TA,809,14
eYAL001C,AA,810,5
eYAL001C,AT,811,0
eYAL001C,TT,812,5
eYAL001C,TG,813,42
eYAL001C,GA,814,22
eYAL001C,AA,815,5
eYAL001C,AA,816,5
eYAL001C,AA,817,5
eYAL001C,AC,818,4
eYAL001C,CT,819,9
eYAL001C,TC,820,22
eYAL001C,CT,821,9
eYAL001C,TT,822,5
eYAL001C,TC,823,22
eYAL001C,CG,824,43
eYAL001C,GA,825,22
eYAL001C,AT,826,0
eYAL001C,TT,827,5
eYAL001C,TA,828,14
eYAL001C,AC,829,4
eYAL001C,CT,830,9
eYAL001C,TC,831,22
eYAL001C,CG,832,43
eYAL001C,GA,833,22
eYAL001C,AA,834,5
eYAL001C,AA,835,5
eYAL001C,AT,836,0
eYAL001C,TG,837,42
eYAL001C,GA,838,22
eYAL001C,AA,839,5
eYAL001C,AA,840,5
eYAL001C,AT,841,0
eYAL001C,TA,842,14
eYAL001C,AG,843,9
eYAL001C,GA,844,22
eYAL001C,AG,845,9
eYAL001C,GG,846,42
eYAL001C,GC,847,25
eYAL001C,CA,848,42
eYAL001C,AA,849,5
eYAL001C,AG,850,9
eYAL001C,GG,851,42
eYAL001C,GG,852,42
eYAL001C,GT,853,4
eYAL001C,TT,854,5
eYAL001C,TT,855,5
eYAL001C,TC,856,22
eYAL001C,CC,857,42
eYAL001C,CA,858,42
eYAL001C,AG,859,9
eYAL001C,GT,860,4
eYAL001C,TT,861,5
eYAL001C,TT,862,5
eYAL001C,TT,863,5
eYAL001C,TA,864,14
eYAL001C,AC,865,4
eYAL001C,CT,866,9
eYAL001C,AA,871,5
eYAL001C,AA,872,5
eYAL001C,AG,873,9
eYAL001C,GA,874,22
eYAL001C,AC,875,4
eYAL001C,CT,876,9
eYAL001C,TC,877,22
eYAL001C,CA,878,42
eYAL001C,AG,879,9
eYAL001C,GG,880,42
eYAL001C,GG,881,42
eYAL001C,GA,882,22
eYAL001C,AA,883,5
eYAL001C,AG,884,9
eYAL001C,GA,885,22
eYAL001C,AT,886,0
eYAL001C,TT,887,5
eYAL001C,TC,888,22
eYAL001C,CA,889,42
eYAL001C,AA,890,5
eYAL001C,AA,891,5
eYAL001C,AG,892,9
eYAL001C,GC,893,25
eYAL001C,CG,894,43
eYAL001C,GA,895,22
eYAL001C,AC,896,4
eYAL001C,CG,897,43
eYAL001C,GA,898,22
eYAL001C,AT,899,0
eYAL001C,TT,900,5
eYAL001C,TA,901,14
eYAL001C,AT,902,0
eYAL001C,TA,903,14
eYAL001C,AT,904,0
eYAL001C,TC,905,22
eYAL001C,CC,906,42
eYAL001C,CG,907,43
eYAL001C,GT,908,4
eYAL001C,TC,909,22
eYAL001C,CT,910,9
eYAL001C,TG,911,42
eYAL001C,GG,912,42
eYAL001C,GC,913,25
eYAL001C,CT,914,9
eYAL001C,TA,915,14
eYAL001C,AT,916,0
eYAL001C,TG,917,42
eYAL001C,GT,918,4
eYAL001C,TC,919,22
eYAL001C,CT,920,9
eYAL001C,TT,921,5
eYAL001C,TC,922,22
eYAL001C,CA,923,42
eYAL001C,AA,924,5
eYAL001C,AT,925,0
eYAL001C,TG,926,42
eYAL001C,GA,927,22
eYAL001C,AT,928,0
eYAL001C,TT,929,5
eYAL001C,TC,930,22
eYAL001C,CA,931,42
eYAL001C,AA,932,5
eYAL001C,AA,933,5
eYAL001C,AG,934,9
eYAL001C,GA,935,22
eYAL001C,AG,936,9
eYAL001C,GA,937,22
eYAL001C,AG,938,9
eYAL001C,GA,939,22
eYAL001C,AT,940,0
eYAL001C,TT,941,5
eYAL001C,TT,942,5
eYAL001C,TC,943,22
eYAL001C,CT,944,9
eYAL001C,TT,945,5
eYAL001C,TC,946,22
eYAL001C,CA,947,42
eYAL001C,AC,948,4
eYAL001C,CT,949,9
eYAL001C,TA,950,14
eYAL001C,AA,951,5
eYAL001C,AA,952,5
eYAL001C,AG,953,9
eYAL001C,GA,954,22
eYAL001C,AA,955,5
eYAL001C,AG,956,9
eYAL001C,GA,957,22
eYAL001C,AC,958,4
eYAL001C,CT,959,9
eYAL001C,TT,960,5
eYAL001C,TA,961,14
eYAL001C,AC,962,4
eYAL001C,CA,963,42
eYAL001C,AC,964,4
eYAL001C,CT,965,9
eYAL001C,TA,966,14
eYAL001C,AG,967,9
eYAL001C,GG,968,42
eYAL001C,GG,969,42
eYAL001C,GA,970,22
eYAL001C,AG,971,9
eYAL001C,GA,972,22
eYAL001C,AA,973,5
eYAL001C,AT,974,0
eYAL001C,TA,975,14
eYAL001C,AG,976,9
eYAL001C,GG,977,42
eYAL001C,GA,978,22
eYAL001C,AA,979,5
eYAL001C,AA,980,5
eYAL001C,AA,981,5
eYAL001C,AG,982,9
eYAL001C,GA,983,22
eYAL001C,AC,984,4
eYAL001C,CT,985,9
eYAL001C,TC,986,22
eYAL001C,CA,987,42
eYAL001C,AC,988,4
eYAL001C,CT,989,9
eYAL001C,TC,990,22
eYAL001C,CT,991,9
eYAL001C,TT,992,5
eYAL001C,TA,993,14
eYAL001C,AT,994,0
eYAL001C,TT,995,5
eYAL001C,TC,996,22
eYAL001C,CG,997,43
eYAL001C,GT,998,4
eYAL001C,TG,999,42
eYAL001C,GA,1000,22
eYAL001C,AC,1001,4
eYAL001C,CG,1002,43
eYAL001C,GA,1003,22
eYAL001C,AT,1004,0
eYAL001C,TA,1005,14
eYAL001C,AC,1006,4
eYAL001C,CA,1007,42
eYAL001C,AT,1008,0
eYAL001C,TT,1009,5
eYAL001C,TG,1010,42
eYAL001C,GG,1011,42
eYAL001C,GT,1012,4
eYAL001C,TA,1013,14
eYAL001C,AC,1014,4
eYAL001C,CA,1015,42
eYAL001C,AG,1016,9
eYAL001C,GT,1017,4
eYAL001C,TC,1018,22
eYAL001C,CT,1019,9
eYAL001C,TA,1020,14
eYAL001C,AA,1021,5
eYAL001C,AC,1022,4
eYAL001C,CA,1023,42
eYAL001C,AA,1024,5
eYAL001C,AT,1025,0
eYAL001C,TG,1026,42
eYAL001C,GA,1027,22
eYAL001C,AT,1028,0
eYAL001C,TT,1029,5
eYAL001C,TG,1030,42
eYAL001C,GG,1031,42
eYAL001C,GA,1032,22
eYAL001C,AC,1033,4
eYAL001C,CG,1034,43
eYAL001C,GT,1035,4
eYAL001C,TC,1036,22
eYAL001C,CA,1037,42
eYAL001C,AT,1038,0
eYAL001C,TT,1039,5
eYAL001C,TT,1040,5
eYAL001C,TG,1041,42
eYAL001C,GA,1042,22
eYAL001C,AT,1043,0
eYAL001C,TG,1044,42
eYAL001C,GA,1045,22
eYAL001C,AG,1046,9
eYAL001C,GA,1047,22
eYAL001C,AA,1048,5
eYAL001C,AA,1049,5
eYAL001C,AG,1050,9
eYAL001C,GA,1051,22
eYAL001C,AA,1052,5
eYAL001C,AA,1053,5
eYAL001C,AT,1054,0
eYAL001C,TA,1055,14
eYAL001C,AA,1056,5
eYAL001C,AA,1057,5
eYAL001C,AG,1058,9
eYAL001C,GA,1059,22
eYAL001C,AA,1060,5
eYAL001C,AA,1061,5
eYAL001C,AT,1062,0
eYAL001C,TC,1063,22
eYAL001C,CA,1064,42
eYAL001C,AT,1065,0
eYAL001C,TT,1066,5
eYAL001C,TA,1067,14
eYAL001C,AT,1068,0
eYAL001C,TA,1069,14
eYAL001C,AT,1070,0
eYAL001C,TC,1071,22
eYAL001C,CT,1072,9
eYAL001C,TT,1073,5
eYAL001C,TT,1074,5
eYAL001C,TA,1075,14
eYAL001C,AT,1076,0
eYAL001C,TA,1077,14
eYAL001C,AA,1078,5
eYAL001C,AG,1079,9
eYAL001C,GA,1080,22
eYAL001C,AA,1081,5
eYAL001C,AC,1082,4
eYAL001C,CT,1083,9
eYAL001C,TA,1084,14
eYAL001C,AT,1085,0
eYAL001C,TG,1086,42
eYAL001C,GA,1087,22
eYAL001C,AA,1088,5
eYAL001C,AG,1089,9
eYAL001C,GC,1090,25
eYAL001C,CT,1091,9
eYAL001C,TG,1092,42
eYAL001C,GA,1093,22
eYAL001C,AA,1094,5
eYAL001C,AA,1095,5
eYAL001C,AG,1096,9
eYAL001C,GA,1097,22
eYAL001C,AA,1098,5
eYAL001C,AT,1099,0
eYAL001C,TC,1100,22
eYAL001C,CT,1101,9
eYAL001C,TC,1102,22
eYAL001C,CA,1103,42
eYAL001C,AT,1104,0
eYAL001C,TT,1105,5
eYAL001C,TG,1106,42
eYAL001C,GA,1107,22
eYAL001C,AA,1108,5
eYAL001C,AG,1109,9
eYAL001C,GG,1110,42
eYAL001C,GA,1111,22
eYAL001C,AT,1112,0
eYAL001C,TG,1113,42
eYAL001C,GT,1114,4
eYAL001C,TT,1115,5
eYAL001C,TG,1116,42
eYAL001C,GA,1117,22
eYAL001C,AA,1118,5
eYAL001C,AG,1119,9
eYAL001C,GA,1120,22
eYAL001C,AA,1121,5
eYAL001C,AC,1122,4
eYAL001C,CT,1123,9
eYAL001C,TA,1124,14
eYAL001C,AG,1125,9
eYAL001C,GA,1126,22
eYAL001C,AT,1127,0
eYAL001C,TC,1128,22
eYAL001C,CT,1129,9
eYAL001C,TC,1130,22
eYAL001C,CC,1131,42
eYAL001C,CC,1132,42
eYAL001C,CT,1133,9
eYAL001C,TA,1134,14
eYAL001C,AA,1135,5
eYAL001C,AA,1136,5
eYAL001C,AT,1137,0
eYAL001C,TT,1138,5
eYAL001C,TG,1139,42
eYAL001C,GC,1140,25
eYAL001C,CT,1141,9
eYAL001C,TC,1142,22
eYAL001C,CG,1143,43
eYAL001C,GA,1144,22
eYAL001C,AC,1145,4
eYAL001C,CA,1146,42
eYAL001C,AT,1147,0
eYAL001C,TC,1148,22
eYAL001C,CC,1149,42
eYAL001C,CA,1150,42
eYAL001C,AT,1151,0
eYAL001C,TA,1152,14
eYAL001C,AG,1153,9
eYAL001C,GT,1154,4
eYAL001C,TG,1155,42
eYAL001C,GG,1156,42
eYAL001C,GC,1157,25
eYAL001C,CT,1158,9
eYAL001C,TG,1159,42
eYAL001C,GG,1160,42
eYAL001C,GA,1161,22
eYAL001C,AG,1162,9
eYAL001C,GG,1163,42
eYAL001C,GG,1164,42
eYAL001C,GC,1165,25
eYAL001C,CA,1166,42
eYAL001C,AT,1167,0
eYAL001C,TA,1168,14
eYAL001C,AT,1169,0
eYAL001C,TA,1170,14
eYAL001C,AT,1171,0
eYAL001C,TA,1172,14
eYAL001C,AG,1173,9
eYAL001C,GA,1174,22
eYAL001C,AT,1175,0
eYAL001C,TA,1176,14
eYAL001C,AA,1177,5
eYAL001C,AG,1178,9
eYAL001C,GT,1179,4
eYAL001C,TG,1180,42
eYAL001C,GG,1181,42
eYAL001C,GA,1182,22
eYAL001C,AA,1183,5
eYAL001C,AA,1184,5
eYAL001C,AA,1185,5
eYAL001C,AA,1186,5
eYAL001C,AA,1187,5
eYAL001C,AA,1188,5
eYAL001C,AT,1189,0
eYAL001C,TG,1190,42
eYAL001C,GC,1191,25
eYAL001C,CT,1192,9
eYAL001C,TT,1193,5
eYAL001C,TG,1194,42
eYAL001C,GT,1195,4
eYAL001C,TC,1196,22
eYAL001C,CC,1197,42
eYAL001C,CT,1198,9
eYAL001C,TA,1199,14
eYAL001C,AG,1200,9
eYAL001C,GC,1201,25
eYAL001C,CT,1202,9
eYAL001C,TA,1203,14
eYAL001C,AT,1204,0
eYAL001C,TC,1205,22
eYAL001C,CA,1206,42
eYAL001C,AA,1207,5
eYAL001C,AT,1208,0
eYAL001C,TC,1209,22
eYAL001C,CC,1210,42
eYAL001C,CT,1211,9
eYAL001C,TA,1212,14
eYAL001C,AA,1213,5
eYAL001C,AT,1214,0
eYAL001C,TA,1215,14
eYAL001C,AA,1216,5
eYAL001C,AC,1217,4
eYAL001C,CT,1218,9
eYAL001C,TC,1219,22
eYAL001C,CT,1220,9
eYAL001C,TT,1221,5
eYAL001C,TT,1222,5
eYAL001C,TA,1223,14
eYAL001C,AG,1224,9
eYAL001C,GA,1225,22
eYAL001C,AT,1226,0
eYAL001C,TA,1227,14
eYAL001C,AA,1228,5
eYAL001C,AT,1229,0
eYAL001C,TC,1230,22
eYAL001C,CT,1231,9
eYAL001C,TA,1232,14
eYAL001C,AA,1233,5
eYAL001C,AA,1234,5
eYAL001C,AA,1235,5
eYAL001C,AA,1236,5
eYAL001C,AA,1237,5
eYAL001C,AG,1238,9
eYAL001C,GA,1239,22
eYAL001C,AA,1240,5
eYAL001C,AG,1241,9
eYAL001C,GT,1242,4
eYAL001C,TG,1243,42
eYAL001C,GG,1244,42
eYAL001C,GA,1245,22
eYAL001C,AC,1246,4
eYAL001C,CA,1247,42
eYAL001C,AG,1248,9
eYAL001C,GC,1249,25
eYAL001C,CA,1250,42
eYAL001C,AC,1251,4
eYAL001C,CG,1252,43
eYAL001C,GC,1253,25
eYAL001C,CC,1254,42
eYAL001C,CG,1255,43
eYAL001C,GA,1256,22
eYAL001C,AG,1257,9
eYAL001C,GT,1258,4
eYAL001C,TT,1259,5
eYAL001C,TA,1260,14
eYAL001C,AG,1261,9
eYAL001C,GA,1262,22
eYAL001C,AA,1263,5
eYAL001C,AT,1264,0
eYAL001C,TG,1265,42
eYAL001C,GG,1266,42
eYAL001C,GG,1267,42
eYAL001C,GT,1268,4
eYAL001C,TG,1269,42
eYAL001C,GT,1270,4
eYAL001C,TT,1271,5
eYAL001C,TG,1272,42
eYAL001C,GT,1273,4
eYAL001C,TC,1274,22
eYAL001C,CA,1275,42
eYAL001C,AT,1276,0
eYAL001C,TC,1277,22
eYAL001C,CA,1278,42
eYAL001C,AC,1279,4
eYAL001C,CT,1280,9
eYAL001C,TA,1281,14
eYAL001C,AA,1282,5
eYAL001C,AA,1283,5
eYAL001C,AA,1284,5
eYAL001C,AG,1285,9
eYAL001C,GT,1286,4
eYAL001C,TA,1287,14
eYAL001C,AT,1288,0
eYAL001C,TC,1289,22
eYAL001C,CA,1290,42
eYAL001C,AG,1291,9
eYAL001C,GA,1292,22
eYAL001C,AA,1293,5
eYAL001C,AA,1294,5
eYAL001C,AC,1295,4
eYAL001C,CG,1296,43
eYAL001C,GA,1297,22
eYAL001C,AA,1298,5
eYAL001C,AA,1299,5
eYAL001C,AT,1300,0
eYAL001C,TT,1301,5
eYAL001C,TG,1302,42
eYAL001C,GT,1303,4
eYAL001C,TG,1304,42
eYAL001C,GT,1305,4
eYAL001C,TG,1306,42
eYAL001C,GG,1307,42
eYAL001C,GA,1308,22
eYAL001C,AA,1309,5
eYAL001C,AT,1310,0
eYAL001C,TG,1311,42
eYAL001C,GA,1312,22
eYAL001C,AA,1313,5
eYAL001C,AA,1314,5
eYAL001C,AT,1315,0
eYAL001C,TA,1316,14
eYAL001C,AA,1317,5
eYAL001C,AC,1318,4
eYAL001C,CA,1319,42
eYAL001C,AA,1320,5
eYAL001C,AA,1321,5
eYAL001C,AG,1322,9
eYAL001C,GT,1323,4
eYAL001C,TT,1324,5
eYAL001C,TG,1325,42
eYAL001C,GT,1326,4
eYAL001C,TT,1327,5
eYAL001C,TA,1328,14
eYAL001C,AG,1329,9
eYAL001C,GG,1330,42
eYAL001C,GA,1331,22
eYAL001C,AA,1332,5
eYAL001C,AG,1333,9
eYAL001C,GT,1334,4
eYAL001C,TA,1335,14
eYAL001C,AA,1336,5
eYAL001C,AG,1337,9
eYAL001C,GA,1338,22
eYAL001C,AC,1339,4
eYAL001C,CA,1340,42
eYAL001C,AA,1341,5
eYAL001C,AT,1342,0
eYAL001C,TC,1343,22
eYAL001C,CT,1344,9
eYAL001C,TA,1345,14
eYAL001C,AT,1346,0
eYAL001C,TC,1347,22
eYAL001C,CA,1348,42
eYAL001C,AT,1349,0
eYAL001C,TG,1350,42
eYAL001C,GC,1351,25
eYAL001C,CT,1352,9
eYAL001C,TG,1353,42
eYAL001C,GG,1354,42
eYAL001C,GT,1355,4
eYAL001C,TA,1356,14
eYAL001C,AC,1357,4
eYAL001C,CT,1358,9
eYAL001C,TA,1359,14
eYAL001C,AA,1360,5
eYAL001C,AA,1361,5
eYAL001C,AG,1362,9
eYAL001C,GA,1363,22
eYAL001C,AA,1364,5
eYAL001C,AG,1365,9
eYAL001C,GG,1366,42
eYAL001C,GT,1367,4
eYAL001C,TG,1368,42
eYAL001C,GT,1369,4
eYAL001C,TT,1370,5
eYAL001C,TC,1371,22
eYAL001C,CA,1372,42
eYAL001C,AA,1373,5
eYAL001C,AG,1374,9
eYAL001C,GC,1375,25
eYAL001C,CC,1376,42
eYAL001C,CT,1377,9
eYAL001C,TT,1378,5
eYAL001C,TA,1379,14
eYAL001C,AA,1380,5
eYAL001C,AT,1381,0
eYAL001C,TC,1382,22
eYAL001C,CA,1383,42
eYAL001C,AG,1384,9
eYAL001C,GA,1385,22
eYAL001C,AG,1386,9
eYAL001C,GC,1387,25
eYAL001C,CT,1388,9
eYAL001C,TA,1389,14
eYAL001C,AA,1390,5
eYAL001C,AA,1391,5
eYAL001C,AA,1392,5
eYAL001C,AG,1393,9
eYAL001C,GC,1394,25
eYAL001C,CA,1395,42
eYAL001C,AG,1396,9
eYAL001C,GA,1397,22
eYAL001C,AG,1398,9
eYAL001C,GA,1399,22
eYAL001C,AC,1400,4
eYAL001C,CA,1401,42
eYAL001C,AA,1402,5
eYAL001C,AA,1403,5
eYAL001C,AA,1404,5
eYAL001C,AA,1405,5
eYAL001C,AA,1406,5
eYAL001C,AA,1407,5
eYAL001C,AC,1408,4
eYAL001C,CA,1409,42
eYAL001C,AT,1410,0
eYAL001C,TC,1411,22
eYAL001C,CT,1412,9
eYAL001C,TG,1413,42
eYAL001C,GC,1414,25
eYAL001C,CG,1415,43
eYAL001C,GA,1416,22
eYAL001C,AG,1417,9
eYAL001C,GT,1418,4
eYAL001C,TA,1419,14
eYAL001C,AG,1420,9
eYAL001C,GA,1421,22
eYAL001C,AG,1422,9
eYAL001C,GC,1423,25
eYAL001C,CG,1424,43
eYAL001C,GC,1425,25
eYAL001C,CC,1426,42
eYAL001C,CG,1427,43
eYAL001C,GG,1428,42
eYAL001C,GT,1429,4
eYAL001C,TG,1430,42
eYAL001C,GG,1431,42
eYAL001C,GT,1432,4
eYAL001C,TT,1433,5
eYAL001C,TG,1434,42
eYAL001C,GT,1435,4
eYAL001C,TT,1436,5
eYAL001C,TG,1437,42
eYAL001C,GA,1438,22
eYAL001C,AA,1439,5
eYAL001C,AA,1440,5
eYAL001C,AA,1441,5
eYAL001C,AT,1442,0
eYAL001C,TG,1443,42
eYAL001C,GA,1444,22
eYAL001C,AT,1445,0
eYAL001C,TA,1446,14
eYAL001C,AA,1447,5
eYAL001C,AA,1448,5
eYAL001C,AA,1449,5
eYAL001C,AC,1450,4
eYAL001C,CT,1451,9
eYAL001C,TT,1452,5
eYAL001C,TC,1453,22
eYAL001C,CA,1454,42
eYAL001C,AG,1455,9
eYAL001C,GA,1456,22
eYAL001C,AA,1457,5
eYAL001C,AC,1458,4
eYAL001C,CG,1459,43
eYAL001C,GG,1460,42
eYAL001C,GG,1461,42
eYAL001C,GT,1462,4
eYAL001C,TG,1463,42
eYAL001C,GA,1464,22
eYAL001C,AG,1465,9
eYAL001C,GC,1466,25
eYAL001C,CT,1467,9
eYAL001C,TC,1468,22
eYAL001C,CT,1469,9
eYAL001C,TA,1470,14
eYAL001C,AA,1471,5
eYAL001C,AG,1472,9
eYAL001C,GA,1473,22
eYAL001C,AA,1474,5
eYAL001C,AA,1475,5
eYAL001C,AA,1476,5
eYAL001C,AA,1477,5
eYAL001C,AC,1478,4
eYAL001C,CA,1479,42
eYAL001C,AC,1480,4
eYAL001C,CA,1481,42
eYAL001C,AT,1482,0
eYAL001C,TT,1483,5
eYAL001C,TA,1484,14
eYAL001C,AG,1485,9
eYAL001C,GT,1486,4
eYAL001C,TC,1487,22
eYAL001C,CG,1488,43
eYAL001C,GG,1489,42
eYAL001C,GT,1490,4
eYAL001C,TG,1491,42
eYAL001C,GT,1492,4
eYAL001C,TA,1493,14
eYAL001C,AT,1494,0
eYAL001C,TC,1495,22
eYAL001C,CA,1496,42
eYAL001C,AG,1497,9
eYAL001C,GA,1498,22
eYAL001C,AC,1499,4
eYAL001C,CG,1500,43
eYAL001C,GG,1501,42
eYAL001C,GA,1502,22
eYAL001C,AA,1503,5
eYAL001C,AT,1504,0
eYAL001C,TC,1505,22
eYAL001C,CA,1506,42
eYAL001C,AT,1507,0
eYAL001C,TG,1508,42
eYAL001C,GA,1509,22
eYAL001C,AA,1510,5
eYAL001C,AG,1511,9
eYAL001C,GA,1512,22
eYAL001C,AA,1513,5
eYAL001C,AA,1514,5
eYAL001C,AT,1515,0
eYAL001C,TC,1516,22
eYAL001C,CT,1517,9
eYAL001C,TG,1518,42
eYAL001C,GT,1519,4
eYAL001C,TT,1520,5
eYAL001C,TG,1521,42
eYAL001C,GA,1522,22
eYAL001C,AA,1523,5
eYAL001C,AA,1524,5
eYAL001C,AG,1525,9
eYAL001C,GA,1526,22
eYAL001C,AA,1527,5
eYAL001C,AT,1528,0
eYAL001C,TT,1529,5
eYAL001C,TC,1530,22
eYAL001C,CG,1531,43
eYAL001C,GT,1532,4
eYAL001C,TA,1533,14
eYAL001C,AA,1534,5
eYAL001C,AG,1535,9
eYAL001C,GT,1536,4
eYAL001C,TT,1537,5
eYAL001C,TT,1538,5
eYAL001C,TC,1539,22
eYAL001C,CA,1540,42
eYAL001C,AG,1541,9
eYAL001C,GA,1542,22
eYAL001C,AA,1543,5
eYAL001C,AC,1544,4
eYAL001C,CC,1545,42
eYAL001C,CA,1546,42
eYAL001C,AC,1547,4
eYAL001C,CC,1548,42
eYAL001C,CA,1549,42
eYAL001C,AA,1550,5
eYAL001C,AA,1551,5
eYAL001C,AA,1552,5
eYAL001C,AA,1553,5
eYAL001C,AA,1554,5
eYAL001C,AA,1555,5
eYAL001C,AT,1556,0
eYAL001C,TG,1557,42
eYAL001C,GC,1558,25
eYAL001C,CA,1559,42
eYAL001C,AA,1560,5
eYAL001C,AA,1561,5
eYAL001C,AG,1562,9
eYAL001C,GA,1563,22
eYAL001C,AC,1564,4
eYAL001C,CT,1565,9
eYAL001C,TA,1566,14
eYAL001C,AA,1567,5
eYAL001C,AT,1568,0
eYAL001C,TA,1569,14
eYAL001C,AT,1570,0
eYAL001C,TA,1571,14
eYAL001C,AC,1572,4
eYAL001C,CA,1573,42
eYAL001C,AT,1574,0
eYAL001C,TG,1575,42
eYAL001C,GA,1576,22
eYAL001C,AT,1577,0
eYAL001C,TA,1578,14
eYAL001C,AC,1579,4
eYAL001C,CG,1580,43
eYAL001C,GG,1581,42
eYAL001C,GA,1582,22
eYAL001C,AT,1583,0
eYAL001C,TA,1584,14
eYAL001C,AT,1585,0
eYAL001C,TA,1586,14
eYAL001C,AT,1587,0
eYAL001C,TA,1588,14
eYAL001C,AC,1589,4
eYAL001C,CT,1590,9
eYAL001C,TT,1591,5
eYAL001C,TT,1592,5
eYAL001C,TT,1593,5
eYAL001C,TT,1594,5
eYAL001C,TT,1595,5
eYAL001C,TG,1596,42
eYAL001C,GA,1597,22
eYAL001C,AC,1598,4
eYAL001C,CC,1599,42
eYAL001C,CA,1600,42
eYAL001C,AA,1601,5
eYAL001C,AA,1602,5
eYAL001C,AC,1603,4
eYAL001C,CG,1604,43
eYAL001C,GG,1605,42
eYAL001C,GA,1606,22
eYAL001C,AA,1607,5
eYAL001C,AA,1608,5
eYAL001C,AG,1609,9
eYAL001C,GA,1610,22
eYAL001C,AA,1611,5
eYAL001C,AA,1612,5
eYAL001C,AT,1613,0
eYAL001C,TA,1614,14
eYAL001C,AG,1615,9
eYAL001C,GA,1616,22
eYAL001C,AT,1617,0
eYAL001C,TT,1618,5
eYAL001C,TT,1619,5
eYAL001C,TC,1620,22
eYAL001C,CA,1621,42
eYAL001C,AT,1622,0
eYAL001C,TA,1623,14
eYAL001C,AG,1624,9
eYAL001C,GA,1625,22
eYAL001C,AG,1626,9
eYAL001C,GG,1627,42
eYAL001C,GC,1628,25
eYAL001C,CG,1629,43
eYAL001C,GT,1630,4
eYAL001C,TT,1631,5
eYAL001C,TA,1632,14
eYAL001C,AT,1633,0
eYAL001C,TT,1634,5
eYAL001C,TC,1635,22
eYAL001C,CA,1636,42
eYAL001C,AA,1637,5
eYAL001C,AA,1638,5
eYAL001C,AC,1639,4
eYAL001C,CA,1640,42
eYAL001C,AT,1641,0
eYAL001C,TA,1642,14
eYAL001C,AC,1643,4
eYAL001C,CA,1644,42
eYAL001C,AT,1645,0
eYAL001C,TT,1646,5
eYAL001C,TT,1647,5
eYAL001C,TT,1648,5
eYAL001C,TG,1649,42
eYAL001C,GA,1650,22
eYAL001C,AA,1651,5
eYAL001C,AA,1652,5
eYAL001C,AG,1653,9
eYAL001C,GA,1654,22
eYAL001C,AG,1655,9
eYAL001C,GA,1656,22
eYAL001C,AA,1657,5
eYAL001C,AA,1658,5
eYAL001C,AG,1659,9
eYAL001C,GA,1660,22
eYAL001C,AT,1661,0
eYAL001C,TA,1662,14
eYAL001C,AG,1663,9
eYAL001C,GC,1664,25
eYAL001C,CA,1665,42
eYAL001C,AA,1666,5
eYAL001C,AG,1667,9
eYAL001C,GA,1668,22
eYAL001C,AA,1669,5
eYAL001C,AA,1670,5
eYAL001C,AG,1671,9
eYAL001C,GC,1672,25
eYAL001C,CA,1673,42
eYAL001C,AA,1674,5
eYAL001C,AC,1675,4
eYAL001C,CC,1676,42
eYAL001C,CT,1677,9
eYAL001C,TA,1678,14
eYAL001C,AT,1679,0
eYAL001C,TA,1680,14
eYAL001C,AC,1681,4
eYAL001C,CC,1682,42
eYAL001C,CG,1683,43
eYAL001C,GA,1684,22
eYAL001C,AT,1685,0
eYAL001C,TG,1686,42
eYAL001C,GT,1687,4
eYAL001C,TA,1688,14
eYAL001C,AG,1689,9
eYAL001C,GC,1690,25
eYAL001C,CA,1691,42
eYAL001C,AA,1692,5
eYAL001C,AG,1693,9
eYAL001C,GA,1694,22
eYAL001C,AA,1695,5
eYAL001C,AC,1696,4
eYAL001C,CA,1697,42
eYAL001C,AG,1698,9
eYAL001C,GA,1699,22
eYAL001C,AG,1700,9
eYAL001C,GC,1701,25
eYAL001C,CC,1702,42
eYAL001C,CT,1703,9
eYAL001C,TG,1704,42
eYAL001C,GC,1705,25
eYAL001C,CG,1706,43
eYAL001C,GT,1707,4
eYAL001C,TC,1708,22
eYAL001C,CA,1709,42
eYAL001C,AG,1710,9
eYAL001C,GG,1711,42
eYAL001C,GA,1712,22
eYAL001C,AA,1713,5
eYAL001C,AG,1714,9
eYAL001C,GA,1715,22
eYAL001C,AA,1716,5
eYAL001C,AA,1717,5
eYAL001C,AG,1718,9
eYAL001C,GA,1719,22
eYAL001C,AT,1720,0
eYAL001C,TC,1721,22
eYAL001C,CA,1722,42
eYAL001C,AT,1723,0
eYAL001C,TT,1724,5
eYAL001C,TT,1725,5
eYAL001C,TT,1726,5
eYAL001C,TT,1727,5
eYAL001C,TT,1728,5
eYAL001C,TT,1729,5
eYAL001C,TG,1730,42
eYAL001C,GC,1731,25
eYAL001C,CC,1732,42
eYAL001C,CC,1733,42
eYAL001C,CA,1734,42
eYAL001C,AG,1735,9
eYAL001C,GC,1736,25
eYAL001C,CA,1737,42
eYAL001C,AT,1738,0
eYAL001C,TT,1739,5
eYAL001C,TG,1740,42
eYAL001C,GG,1741,42
eYAL001C,GA,1742,22
eYAL001C,AG,1743,9
eYAL001C,GA,1744,22
eYAL001C,AG,1745,9
eYAL001C,GG,1746,42
eYAL001C,GA,1747,22
eYAL001C,AA,1748,5
eYAL001C,AT,1749,0
eYAL001C,TT,1750,5
eYAL001C,TG,1751,42
eYAL001C,GG,1752,42
eYAL001C,GA,1753,22
eYAL001C,AT,1754,0
eYAL001C,TA,1755,14
eYAL001C,AA,1756,5
eYAL001C,AA,1757,5
eYAL001C,AA,1758,5
eYAL001C,AA,1759,5
eYAL001C,AG,1760,9
eYAL001C,GA,1761,22
eYAL001C,AC,1762,4
eYAL001C,CT,1763,9
eYAL001C,TG,1764,42
eYAL001C,GT,1765,4
eYAL001C,TT,1766,5
eYAL001C,TC,1767,22
eYAL001C,CG,1768,43
eYAL001C,GG,1769,42
eYAL001C,GG,1770,42
eYAL001C,GG,1771,42
eYAL001C,GA,1772,22
eYAL001C,AG,1773,9
eYAL001C,GA,1774,22
eYAL001C,AT,1775,0
eYAL001C,TG,1776,42
eYAL001C,GT,1777,4
eYAL001C,TT,1778,5
eYAL001C,TG,1779,42
eYAL001C,GA,1780,22
eYAL001C,AC,1781,4
eYAL001C,CT,1782,9
eYAL001C,TT,1783,5
eYAL001C,TG,1784,42
eYAL001C,GA,1785,22
eYAL001C,AT,1786,0
eYAL001C,TG,1787,42
eYAL001C,GG,1788,42
eYAL001C,GT,1789,4
eYAL001C,TA,1790,14
eYAL001C,AG,1791,9
eYAL001C,GA,1792,22
eYAL001C,AA,1793,5
eYAL001C,AA,1794,5
eYAL001C,AA,1795,5
eYAL001C,AT,1796,0
eYAL001C,TC,1797,22
eYAL001C,CA,1798,42
eYAL001C,AA,1799,5
eYAL001C,AA,1800,5
eYAL001C,AA,1801,5
eYAL001C,AA,1802,5
eYAL001C,AT,1803,0
eYAL001C,TT,1804,5
eYAL001C,TA,1805,14
eYAL001C,AG,1806,9
eYAL001C,GG,1807,42
eYAL001C,GA,1808,22
eYAL001C,AG,1809,9
eYAL001C,GC,1810,25
eYAL001C,CA,1811,42
eYAL001C,AT,1812,0
eYAL001C,TA,1813,14
eYAL001C,AC,1814,4
eYAL001C,CT,1815,9
eYAL001C,TT,1816,5
eYAL001C,TG,1817,42
eYAL001C,GA,1818,22
eYAL001C,AG,1819,9
eYAL001C,GG,1820,42
eYAL001C,GG,1821,42
eYAL001C,GA,1822,22
eYAL001C,AA,1823,5
eYAL001C,AC,1824,4
eYAL001C,CA,1825,42
eYAL001C,AA,1826,5
eYAL001C,AT,1827,0
eYAL001C,TT,1828,5
eYAL001C,TC,1829,22
eYAL001C,CT,1830,9
eYAL001C,TA,1831,14
eYAL001C,AT,1832,0
eYAL001C,TG,1833,42
eYAL001C,GA,1834,22
eYAL001C,AT,1835,0
eYAL001C,TG,1836,42
eYAL001C,GT,1837,4
eYAL001C,TT,1838,5
eYAL001C,TG,1839,42
eYAL001C,GT,1840,4
eYAL001C,TT,1841,5
eYAL001C,TT,1842,5
eYAL001C,TC,1843,22
eYAL001C,CC,1844,42
eYAL001C,CA,1845,42
eYAL001C,AA,1846,5
eYAL001C,AG,1847,9
eYAL001C,GT,1848,4
eYAL001C,TT,1849,5
eYAL001C,TT,1850,5
eYAL001C,TA,1851,14
eYAL001C,AT,1852,0
eYAL001C,TG,1853,42
eYAL001C,GG,1854,42
eYAL001C,GG,1855,42
eYAL001C,GC,1856,25
eYAL001C,CT,1857,9
eYAL001C,TC,1858,22
eYAL001C,CT,1859,9
eYAL001C,TG,1860,42
eYAL001C,GC,1861,25
eYAL001C,CA,1862,42
eYAL001C,AA,1863,5
eYAL001C,AC,1864,4
eYAL001C,CA,1865,42
eYAL001C,AA,1866,5
eYAL001C,AC,1867,4
eYAL001C,CT,1868,9
eYAL001C,TT,1869,5
eYAL001C,TT,1870,5
eYAL001C,TG,1871,42
eYAL001C,GC,1872,25
eYAL001C,CG,1873,43
eYAL001C,GT,1874,4
eYAL001C,TT,1875,5
eYAL001C,TC,1876,22
eYAL001C,CG,1877,43
eYAL001C,GT,1878,4
eYAL001C,TT,1879,5
eYAL001C,TA,1880,14
eYAL001C,AC,1881,4
eYAL001C,CA,1882,42
eYAL001C,AA,1883,5
eYAL001C,AA,1884,5
eYAL001C,AG,1885,9
eYAL001C,GG,1886,42
eYAL001C,GC,1887,25
eYAL001C,CA,1888,42
eYAL001C,AG,1889,9
eYAL001C,GA,1890,22
eYAL001C,AG,1891,9
eYAL001C,GA,1892,22
eYAL001C,AG,1893,9
eYAL001C,GC,1894,25
eYAL001C,CA,1895,42
eYAL001C,AA,1896,5
eYAL001C,AT,1897,0
eYAL001C,TC,1898,22
eYAL001C,CT,1899,9
eYAL001C,TT,1900,5
eYAL001C,TG,1901,42
eYAL001C,GA,1902,22
eYAL001C,AA,1903,5
eYAL001C,AT,1904,0
eYAL001C,TG,1905,42
eYAL001C,GT,1906,4
eYAL001C,TT,1907,5
eYAL001C,TA,1908,14
eYAL001C,AT,1909,0
eYAL001C,TG,1910,42
eYAL001C,GA,1911,22
eYAL001C,AA,1912,5
eYAL001C,AT,1913,0
eYAL001C,TA,1914,14
eYAL001C,AA,1915,5
eYAL001C,AA,1916,5
eYAL001C,AA,1917,5
eYAL001C,AT,1918,0
eYAL001C,TC,1919,22
eYAL001C,CG,1920,43
eYAL001C,GG,1921,42
eYAL001C,GT,1922,4
eYAL001C,TG,1923,42
eYAL001C,GG,1924,42
eYAL001C,GT,1925,4
eYAL001C,TG,1926,42
eYAL001C,GT,1927,4
eYAL001C,TA,1928,14
eYAL001C,AA,1929,5
eYAL001C,AA,1930,5
eYAL001C,AC,1931,4
eYAL001C,CA,1932,42
eYAL001C,AG,1933,9
eYAL001C,GA,1934,22
eYAL001C,AA,1935,5
eYAL001C,AG,1936,9
eYAL001C,GT,1937,4
eYAL001C,TG,1938,42
eYAL001C,GG,1939,42
eYAL001C,GC,1940,25
eYAL001C,CA,1941,42
eYAL001C,AC,1942,4
eYAL001C,CT,1943,9
eYAL001C,TG,1944,42
eYAL001C,GT,1945,4
eYAL001C,TC,1946,22
eYAL001C,CA,1947,42
eYAL001C,AA,1948,5
eYAL001C,AA,1949,5
eYAL001C,AG,1950,9
eYAL001C,GG,1951,42
eYAL001C,GT,1952,4
eYAL001C,TA,1953,14
eYAL001C,AA,1954,5
eYAL001C,AG,1955,9
eYAL001C,GG,1956,42
eYAL001C,GT,1957,4
eYAL001C,TA,1958,14
eYAL001C,AG,1959,9
eYAL001C,GT,1960,4
eYAL001C,TT,1961,5
eYAL001C,TA,1962,14
eYAL001C,AA,1963,5
eYAL001C,AC,1964,4
eYAL001C,CT,1965,9
eYAL001C,TT,1966,5
eYAL001C,TT,1967,5
eYAL001C,TG,1968,42
eYAL001C,GG,1969,42
eYAL001C,GT,1970,4
eYAL001C,TG,1971,42
eYAL001C,GG,1972,42
eYAL001C,GT,1973,4
eYAL001C,TT,1974,5
eYAL001C,TT,1975,5
eYAL001C,TT,1976,5
eYAL001C,TT,1977,5
eYAL001C,TC,1978,22
eYAL001C,CG,1979,43
eYAL001C,GG,1980,42
eYAL001C,GC,1981,25
eYAL001C,CC,1982,42
eYAL001C,CC,1983,42
eYAL001C,CG,1984,43
eYAL001C,GT,1985,4
eYAL001C,TT,1986,5
eYAL001C,TC,1987,22
eYAL001C,CG,1988,43
eYAL001C,GC,1989,25
eYAL001C,CT,1990,9
eYAL001C,TC,1991,22
eYAL001C,CG,1992,43
eYAL001C,GA,1993,22
eYAL001C,AG,1994,9
eYAL001C,GC,1995,25
eYAL001C,CA,1996,42
eYAL001C,AA,1997,5
eYAL001C,AC,1998,4
eYAL001C,CA,1999,42
eYAL001C,AT,2000,0
eYAL001C,TG,2001,42
eYAL001C,GT,2002,4
eYAL001C,TT,2003,5
eYAL001C,TA,2004,14
eYAL001C,AG,2005,9
eYAL001C,GT,2006,4
eYAL001C,TA,2007,14
eYAL001C,AC,2008,4
eYAL001C,CT,2009,9
eYAL001C,TG,2010,42
eYAL001C,GT,2011,4
eYAL001C,TG,2012,42
eYAL001C,GC,2013,25
eYAL001C,CA,2014,42
eYAL001C,AG,2015,9
eYAL001C,GG,2016,42
eYAL001C,GA,2017,22
eYAL001C,AG,2018,9
eYAL001C,GA,2019,22
eYAL001C,AT,2020,0
eYAL001C,TA,2021,14
eYAL001C,AA,2022,5
eYAL001C,AA,2023,5
eYAL001C,AA,2024,5
eYAL001C,AG,2025,9
eYAL001C,GC,2026,25
eYAL001C,CT,2027,9
eYAL001C,TA,2028,14
eYAL001C,AC,2029,4
eYAL001C,CA,2030,42
eYAL001C,AG,2031,9
eYAL001C,GA,2032,22
eYAL001C,AA,2033,5
eYAL001C,AG,2034,9
eYAL001C,GA,2035,22
eYAL001C,AC,2036,4
eYAL001C,CA,2037,42
eYAL001C,AG,2038,9
eYAL001C,GC,2039,25
eYAL001C,CC,2040,42
eYAL001C,CC,2041,42
eYAL001C,CA,2042,42
eYAL001C,AA,2043,5
eYAL001C,AT,2044,0
eYAL001C,TT,2045,5
eYAL001C,TT,2046,5
eYAL001C,TC,2047,22
eYAL001C,CC,2048,42
eYAL001C,CA,2049,42
eYAL001C,AC,2050,4
eYAL001C,CT,2051,9
eYAL001C,TA,2052,14
eYAL001C,AC,2053,4
eYAL001C,CT,2054,9
eYAL001C,TG,2055,42
eYAL001C,GA,2056,22
eYAL001C,AT,2057,0
eYAL001C,TA,2058,14
eYAL001C,AA,2059,5
eYAL001C,AT,2060,0
eYAL001C,TT,2061,5
eYAL001C,TC,2062,22
eYAL001C,CT,2063,9
eYAL001C,TG,2064,42
eYAL001C,GT,2065,4
eYAL001C,TG,2066,42
eYAL001C,GA,2067,22
eYAL001C,AC,2068,4
eYAL001C,CG,2069,43
eYAL001C,GG,2070,42
eYAL001C,GT,2071,4
eYAL001C,TG,2072,42
eYAL001C,GA,2073,22
eYAL001C,AA,2074,5
eYAL001C,AC,2075,4
eYAL001C,CA,2076,42
eYAL001C,AA,2077,5
eYAL001C,AT,2078,0
eYAL001C,GT,2086,4
eYAL001C,TC,2087,22
eYAL001C,CT,2088,9
eYAL001C,TC,2089,22
eYAL001C,CA,2090,42
eYAL001C,AA,2091,5
eYAL001C,AC,2092,4
eYAL001C,CT,2093,9
eYAL001C,TC,2094,22
eYAL001C,CC,2095,42
eYAL001C,CA,2096,42
eYAL001C,AA,2097,5
eYAL001C,AA,2098,5
eYAL001C,AA,2099,5
eYAL001C,AA,2100,5
eYAL001C,AG,2101,9
eYAL001C,GG,2102,42
eYAL001C,GA,2103,22
eYAL001C,AT,2104,0
eYAL001C,TT,2105,5
eYAL001C,TA,2106,14
eYAL001C,AA,2107,5
eYAL001C,AA,2108,5
eYAL001C,AA,2109,5
eYAL001C,AT,2110,0
eYAL001C,TT,2111,5
eYAL001C,TC,2112,22
eYAL001C,CC,2113,42
eYAL001C,CG,2114,43
eYAL001C,GC,2115,25
eYAL001C,CT,2116,9
eYAL001C,TG,2117,42
eYAL001C,GA,2118,22
eYAL001C,AA,2119,5
eYAL001C,AT,2120,0
eYAL001C,TT,2121,5
eYAL001C,TC,2122,22
eYAL001C,CG,2123,43
eYAL001C,GA,2124,22
eYAL001C,AA,2125,5
eYAL001C,AG,2126,9
eYAL001C,GA,2127,22
eYAL001C,AA,2128,5
eYAL001C,AA,2129,5
eYAL001C,AA,2130,5
eYAL001C,AC,2131,4
eYAL001C,CT,2132,9
eYAL001C,TC,2133,22
eYAL001C,CC,2134,42
eYAL001C,CG,2135,43
eYAL001C,GA,2136,22
eYAL001C,AA,2137,5
eYAL001C,AC,2138,4
eYAL001C,CA,2139,42
eYAL001C,AA,2140,5
eYAL001C,AT,2141,0
eYAL001C,TA,2142,14
eYAL001C,AA,2143,5
eYAL001C,AA,2144,5
eYAL001C,AA,2145,5
eYAL001C,AA,2146,5
eYAL001C,AG,2147,9
eYAL001C,GC,2148,25
eYAL001C,CG,2149,43
eYAL001C,GG,2150,42
eYAL001C,GA,2151,22
eYAL001C,AA,2152,5
eYAL001C,AG,2153,9
eYAL001C,GA,2154,22
eYAL001C,AG,2155,9
eYAL001C,GG,2156,42
eYAL001C,GC,2157,25
eYAL001C,CA,2158,42
eYAL001C,AG,2159,9
eYAL001C,GA,2160,22
eYAL001C,AC,2161,4
eYAL001C,CT,2162,9
eYAL001C,TA,2163,14
eYAL001C,AG,2164,9
eYAL001C,GA,2165,22
eYAL001C,AA,2166,5
eYAL001C,AA,2167,5
eYAL001C,AT,2168,0
eYAL001C,TG,2169,42
eYAL001C,GT,2170,4
eYAL001C,TT,2171,5
eYAL001C,TA,2172,14
eYAL001C,AG,2173,9
eYAL001C,GA,2174,22
eYAL001C,AT,2175,0
eYAL001C,TT,2176,5
eYAL001C,TC,2177,22
eYAL001C,CA,2178,42
eYAL001C,AC,2179,4
eYAL001C,CA,2180,42
eYAL001C,AA,2181,5
eYAL001C,AA,2182,5
eYAL001C,AG,2183,9
eYAL001C,GG,2184,42
eYAL001C,GA,2185,22
eYAL001C,AC,2186,4
eYAL001C,CA,2187,42
eYAL001C,AG,2188,9
eYAL001C,GT,2189,4
eYAL001C,TG,2190,42
eYAL001C,GA,2191,22
eYAL001C,AT,2192,0
eYAL001C,TG,2193,42
eYAL001C,GG,2194,42
eYAL001C,GC,2195,25
eYAL001C,CC,2196,42
eYAL001C,CA,2197,42
eYAL001C,AT,2198,0
eYAL001C,TG,2199,42
eYAL001C,GA,2200,22
eYAL001C,AT,2201,0
eYAL001C,TA,2202,14
eYAL001C,AT,2203,0
eYAL001C,TA,2204,14
eYAL001C,AT,2205,0
eYAL001C,TT,2206,5
eYAL001C,TT,2207,5
eYAL001C,TT,2208,5
eYAL001C,TT,2209,5
eYAL001C,TC,2210,22
eYAL001C,CT,2211,9
eYAL001C,TG,2212,42
eYAL001C,GG,2213,42
eYAL001C,GC,2214,25
eYAL001C,CA,2215,42
eYAL001C,AC,2216,4
eYAL001C,CG,2217,43
eYAL001C,GG,2218,42
eYAL001C,GT,2219,4
eYAL001C,TG,2220,42
eYAL001C,GA,2221,22
eYAL001C,AT,2222,0
eYAL001C,TT,2223,5
eYAL001C,TT,2224,5
eYAL001C,TG,2225,42
eYAL001C,GA,2226,22
eYAL001C,AA,2227,5
eYAL001C,AC,2228,4
eYAL001C,CA,2229,42
eYAL001C,AA,2230,5
eYAL001C,AA,2231,5
eYAL001C,AT,2232,0
eYAL001C,TC,2233,22
eYAL001C,CA,2234,42
eYAL001C,AC,2235,4
eYAL001C,CA,2236,42
eYAL001C,AT,2237,0
eYAL001C,TA,2238,14
eYAL001C,AC,2239,4
eYAL001C,CC,2240,42
eYAL001C,CG,2241,43
eYAL001C,GA,2242,22
eYAL001C,AT,2243,0
eYAL001C,TT,2244,5
eYAL001C,TT,2245,5
eYAL001C,TG,2246,42
eYAL001C,GA,2247,22
eYAL001C,AA,2248,5
eYAL001C,AA,2249,5
eYAL001C,AA,2250,5
eYAL001C,AC,2251,4
eYAL001C,CT,2252,9
eYAL001C,TC,2253,22
eYAL001C,CT,2254,9
eYAL001C,TT,2255,5
eYAL001C,TA,2256,14
eYAL001C,AA,2257,5
eYAL001C,AC,2258,4
eYAL001C,CG,2259,43
eYAL001C,GA,2260,22
eYAL001C,AG,2261,9
eYAL001C,GA,2262,22
eYAL001C,AA,2263,5
eYAL001C,AA,2264,5
eYAL001C,AA,2265,5
eYAL001C,AA,2266,5
eYAL001C,AT,2267,0
eYAL001C,TT,2268,5
eYAL001C,TT,2269,5
eYAL001C,TC,2270,22
eYAL001C,CG,2271,43
eYAL001C,GT,2272,4
eYAL001C,TG,2273,42
eYAL001C,GG,2274,42
eYAL001C,GC,2275,25
eYAL001C,CT,2276,9
eYAL001C,TC,2277,22
eYAL001C,CT,2278,9
eYAL001C,TC,2279,22
eYAL001C,CA,2280,42
eYAL001C,AA,2281,5
eYAL001C,AT,2282,0
eYAL001C,TA,2283,14
eYAL001C,AA,2284,5
eYAL001C,AT,2285,0
eYAL001C,TA,2286,14
eYAL001C,AC,2287,4
eYAL001C,CT,2288,9
eYAL001C,TC,2289,22
eYAL001C,CA,2290,42
eYAL001C,AA,2291,5
eYAL001C,AA,2292,5
eYAL001C,AA,2293,5
eYAL001C,AG,2294,9
eYAL001C,GT,2295,4
eYAL001C,TT,2296,5
eYAL001C,TG,2297,42
eYAL001C,GA,2298,22
eYAL001C,AC,2299,4
eYAL001C,CA,2300,42
eYAL001C,AA,2301,5
eYAL001C,AA,2302,5
eYAL001C,AT,2303,0
eYAL001C,TG,2304,42
eYAL001C,GC,2305,25
eYAL001C,CA,2306,42
eYAL001C,AG,2307,9
eYAL001C,GA,2308,22
eYAL001C,AA,2309,5
eYAL001C,AG,2310,9
eYAL001C,GA,2311,22
eYAL001C,AT,2312,0
eYAL001C,TC,2313,22
eYAL001C,CA,2314,42
eYAL001C,AA,2315,5
eYAL001C,AA,2316,5
eYAL001C,AT,2317,0
eYAL001C,TA,2318,14
eYAL001C,AT,2319,0
eYAL001C,TC,2320,22
eYAL001C,CT,2321,9
eYAL001C,TG,2322,42
eYAL001C,GT,2323,4
eYAL001C,TT,2324,5
eYAL001C,TA,2325,14
eYAL001C,AC,2326,4
eYAL001C,CA,2327,42
eYAL001C,AG,2328,9
eYAL001C,GA,2329,22
eYAL001C,AA,2330,5
eYAL001C,AG,2331,9
eYAL001C,GG,2332,42
eYAL001C,GA,2333,22
eYAL001C,AT,2334,0
eYAL001C,TT,2335,5
eYAL001C,TT,2336,5
eYAL001C,TG,2337,42
eYAL001C,GA,2338,22
eYAL001C,AT,2339,0
eYAL001C,TG,2340,42
eYAL001C,GA,2341,22
eYAL001C,AA,2342,5
eYAL001C,AC,2343,4
eYAL001C,CC,2344,42
eYAL001C,CA,2345,42
eYAL001C,AG,2346,9
eYAL001C,GG,2347,42
eYAL001C,GC,2348,25
eYAL001C,CC,2349,42
eYAL001C,CG,2350,43
eYAL001C,GC,2351,25
eYAL001C,CA,2352,42
eYAL001C,AT,2353,0
eYAL001C,TA,2354,14
eYAL001C,AT,2355,0
eYAL001C,TA,2356,14
eYAL001C,AC,2357,4
eYAL001C,CG,2358,43
eYAL001C,GA,2359,22
eYAL001C,AT,2360,0
eYAL001C,TT,2361,5
eYAL001C,TT,2362,5
eYAL001C,TT,2363,5
eYAL001C,TG,2364,42
eYAL001C,GA,2365,22
eYAL001C,AG,2366,9
eYAL001C,GG,2367,42
eYAL001C,GG,2368,42
eYAL001C,GA,2369,22
eYAL001C,AA,2370,5
eYAL001C,AA,2371,5
eYAL001C,AG,2372,9
eYAL001C,GA,2373,22
eYAL001C,AA,2374,5
eYAL001C,AA,2375,5
eYAL001C,AA,2376,5
eYAL001C,AA,2377,5
eYAL001C,AG,2378,9
eYAL001C,GT,2379,4
eYAL001C,TT,2380,5
eYAL001C,TC,2381,22
eYAL001C,CT,2382,9
eYAL001C,TT,2383,5
eYAL001C,TT,2384,5
eYAL001C,TA,2385,14
eYAL001C,AG,2386,9
eYAL001C,GG,2387,42
eYAL001C,GC,2388,25
eYAL001C,CT,2389,9
eYAL001C,TA,2390,14
eYAL001C,AT,2391,0
eYAL001C,TT,2392,5
eYAL001C,TC,2393,22
eYAL001C,CA,2394,42
eYAL001C,AC,2395,4
eYAL001C,CA,2396,42
eYAL001C,AG,2397,9
eYAL001C,GC,2398,25
eYAL001C,CT,2399,9
eYAL001C,TC,2400,22
eYAL001C,CA,2401,42
eYAL001C,AC,2402,4
eYAL001C,CA,2403,42
eYAL001C,AA,2404,5
eYAL001C,AC,2405,4
eYAL001C,CT,2406,9
eYAL001C,TT,2407,5
eYAL001C,TC,2408,22
eYAL001C,CG,2409,43
eYAL001C,GA,2410,22
eYAL001C,AG,2411,9
eYAL001C,GT,2412,4
eYAL001C,TA,2413,14
eYAL001C,AC,2414,4
eYAL001C,CT,2415,9
eYAL001C,TA,2416,14
eYAL001C,AT,2417,0
eYAL001C,TT,2418,5
eYAL001C,TT,2419,5
eYAL001C,TA,2420,14
eYAL001C,AG,2421,9
eYAL001C,GA,2422,22
eYAL001C,AA,2423,5
eYAL001C,AA,2424,5
eYAL001C,AG,2425,9
eYAL001C,GT,2426,4
eYAL001C,TC,2427,22
eYAL001C,CT,2428,9
eYAL001C,TA,2429,14
eYAL001C,AG,2430,9
eYAL001C,GA,2431,22
eYAL001C,AT,2432,0
eYAL001C,TA,2433,14
eYAL001C,AA,2434,5
eYAL001C,AA,2435,5
eYAL001C,AC,2436,4
eYAL001C,CA,2437,42
eYAL001C,AA,2438,5
eYAL001C,AA,2439,5
eYAL001C,AA,2440,5
eYAL001C,AA,2441,5
eYAL001C,AG,2442,9
eYAL001C,GA,2443,22
eYAL001C,AC,2444,4
eYAL001C,CA,2445,42
eYAL001C,AA,2446,5
eYAL001C,AT,2447,0
eYAL001C,TA,2448,14
eYAL001C,AT,2449,0
eYAL001C,TA,2450,14
eYAL001C,AG,2451,9
eYAL001C,GG,2452,42
eYAL001C,GC,2453,25
eYAL001C,CG,2454,43
eYAL001C,GG,2455,42
eYAL001C,GG,2456,42
eYAL001C,GT,2457,4
eYAL001C,TA,2458,14
eYAL001C,AT,2459,0
eYAL001C,TA,2460,14
eYAL001C,AG,2461,9
eYAL001C,GA,2462,22
eYAL001C,AC,2463,4
eYAL001C,CT,2464,9
eYAL001C,TT,2465,5
eYAL001C,TT,2466,5
eYAL001C,TT,2467,5
eYAL001C,TT,2468,5
eYAL001C,TA,2469,14
eYAL001C,AT,2470,0
eYAL001C,TG,2471,42
eYAL001C,GG,2472,42
eYAL001C,GA,2473,22
eYAL001C,AT,2474,0
eYAL001C,TG,2475,42
eYAL001C,GT,2476,4
eYAL001C,TT,2477,5
eYAL001C,TG,2478,42
eYAL001C,GT,2479,4
eYAL001C,TT,2480,5
eYAL001C,TA,2481,14
eYAL001C,AA,2482,5
eYAL001C,AT,2483,0
eYAL001C,TC,2484,22
eYAL001C,CG,2485,43
eYAL001C,GA,2486,22
eYAL001C,AG,2487,9
eYAL001C,GT,2488,4
eYAL001C,TA,2489,14
eYAL001C,AA,2490,5
eYAL001C,AC,2491,4
eYAL001C,CA,2492,42
eYAL001C,AG,2493,9
eYAL001C,GG,2494,42
eYAL001C,GA,2495,22
eYAL001C,AA,2496,5
eYAL001C,AA,2497,5
eYAL001C,AG,2498,9
eYAL001C,GG,2499,42
eYAL001C,GA,2500,22
eYAL001C,AA,2501,5
eYAL001C,AT,2502,0
eYAL001C,TT,2503,5
eYAL001C,TC,2504,22
eYAL001C,CC,2505,42
eYAL001C,CA,2506,42
eYAL001C,AG,2507,9
eYAL001C,GC,2508,25
eYAL001C,CG,2509,43
eYAL001C,GA,2510,22
eYAL001C,AG,2511,9
eYAL001C,GC,2512,25
eYAL001C,CT,2513,9
eYAL001C,TT,2514,5
eYAL001C,TT,2515,5
eYAL001C,TT,2516,5
eYAL001C,TA,2517,14
eYAL001C,AC,2518,4
eYAL001C,CA,2519,42
eYAL001C,AA,2520,5
eYAL001C,AA,2521,5
eYAL001C,AA,2522,5
eYAL001C,AT,2523,0
eYAL001C,TC,2524,22
eYAL001C,CA,2525,42
eYAL001C,AA,2526,5
eYAL001C,AG,2527,9
eYAL001C,GT,2528,4
eYAL001C,TC,2529,22
eYAL001C,CC,2530,42
eYAL001C,CA,2531,42
eYAL001C,AT,2532,0
eYAL001C,TT,2533,5
eYAL001C,TG,2534,42
eYAL001C,GC,2535,25
eYAL001C,CA,2536,42
eYAL001C,AA,2537,5
eYAL001C,AA,2538,5
eYAL001C,AA,2539,5
eYAL001C,AT,2540,0
eYAL001C,TC,2541,22
eYAL001C,CA,2542,42
eYAL001C,AG,2543,9
eYAL001C,GA,2544,22
eYAL001C,AC,2545,4
eYAL001C,CT,2546,9
eYAL001C,TT,2547,5
eYAL001C,TA,2548,14
eYAL001C,AC,2549,4
eYAL001C,CG,2550,43
eYAL001C,GA,2551,22
eYAL001C,AT,2552,0
eYAL001C,TA,2553,14
eYAL001C,AT,2554,0
eYAL001C,TT,2555,5
eYAL001C,TG,2556,42
eYAL001C,GC,2557,25
eYAL001C,CA,2558,42
eYAL001C,AG,2559,9
eYAL001C,GA,2560,22
eYAL001C,AT,2561,0
eYAL001C,TA,2562,14
eYAL001C,AA,2563,5
eYAL001C,AG,2564,9
eYAL001C,GT,2565,4
eYAL001C,TC,2566,22
eYAL001C,CC,2567,42
eYAL001C,CG,2568,43
eYAL001C,GG,2569,42
eYAL001C,GT,2570,4
eYAL001C,TC,2571,22
eYAL001C,CT,2572,9
eYAL001C,TC,2573,22
eYAL001C,CA,2574,42
eYAL001C,AA,2575,5
eYAL001C,AA,2576,5
eYAL001C,AG,2577,9
eYAL001C,GG,2578,42
eYAL001C,GA,2579,22
eYAL001C,AA,2580,5
eYAL001C,AT,2581,0
eYAL001C,TT,2582,5
eYAL001C,TT,2583,5
eYAL001C,TC,2584,22
eYAL001C,CA,2585,42
eYAL001C,AA,2586,5
eYAL001C,AC,2587,4
eYAL001C,CC,2588,42
eYAL001C,CC,2589,42
eYAL001C,CT,2590,9
eYAL001C,TT,2591,5
eYAL001C,TG,2592,42
eYAL001C,GT,2593,4
eYAL001C,TC,2594,22
eYAL001C,CG,2595,43
eYAL001C,GT,2596,4
eYAL001C,TT,2597,5
eYAL001C,TG,2598,42
eYAL001C,GA,2599,22
eYAL001C,AA,2600,5
eYAL001C,AG,2601,9
eYAL001C,GA,2602,22
eYAL001C,AC,2603,4
eYAL001C,CA,2604,42
eYAL001C,AA,2605,5
eYAL001C,AA,2606,5
eYAL001C,AG,2607,9
eYAL001C,GA,2608,22
eYAL001C,AA,2609,5
eYAL001C,AA,2610,5
eYAL001C,AA,2611,5
eYAL001C,AT,2612,0
eYAL001C,TG,2613,42
eYAL001C,GC,2614,25
eYAL001C,CT,2615,9
eYAL001C,TG,2616,42
eYAL001C,GT,2617,4
eYAL001C,TG,2618,42
eYAL001C,GA,2619,22
eYAL001C,AA,2620,5
eYAL001C,AG,2621,9
eYAL001C,GA,2622,22
eYAL001C,AA,2623,5
eYAL001C,AT,2624,0
eYAL001C,TA,2625,14
eYAL001C,AA,2626,5
eYAL001C,AA,2627,5
eYAL001C,AG,2628,9
eYAL001C,GT,2629,4
eYAL001C,TC,2630,22
eYAL001C,CC,2631,42
eYAL001C,CT,2632,9
eYAL001C,TT,2633,5
eYAL001C,TC,2634,22
eYAL001C,CT,2635,9
eYAL001C,TT,2636,5
eYAL001C,TA,2637,14
eYAL001C,AA,2638,5
eYAL001C,AT,2639,0
eYAL001C,TC,2640,22
eYAL001C,CG,2641,43
eYAL001C,GA,2642,22
eYAL001C,AT,2643,0
eYAL001C,TT,2644,5
eYAL001C,TC,2645,22
eYAL001C,CT,2646,9
eYAL001C,TA,2647,14
eYAL001C,AT,2648,0
eYAL001C,TG,2649,42
eYAL001C,GA,2650,22
eYAL001C,AA,2651,5
eYAL001C,AG,2652,9
eYAL001C,GA,2653,22
eYAL001C,AC,2654,4
eYAL001C,CT,2655,9
eYAL001C,TC,2656,22
eYAL001C,CT,2657,9
eYAL001C,TG,2658,42
eYAL001C,GT,2659,4
eYAL001C,TT,2660,5
eYAL001C,TG,2661,42
eYAL001C,GA,2662,22
eYAL001C,AA,2663,5
eYAL001C,AG,2664,9
eYAL001C,GG,2665,42
eYAL001C,GT,2666,4
eYAL001C,TT,2667,5
eYAL001C,TT,2668,5
eYAL001C,TG,2669,42
eYAL001C,GG,2670,42
eYAL001C,GA,2671,22
eYAL001C,AT,2672,0
eYAL001C,TA,2673,14
eYAL001C,AA,2674,5
eYAL001C,AT,2675,0
eYAL001C,TT,2676,5
eYAL001C,TT,2677,5
eYAL001C,TC,2678,22
eYAL001C,CA,2679,42
eYAL001C,AA,2680,5
eYAL001C,AT,2681,0
eYAL001C,TG,2682,42
eYAL001C,GC,2683,25
eYAL001C,CA,2684,42
eYAL001C,AA,2685,5
eYAL001C,AC,2686,4
eYAL001C,CT,2687,9
eYAL001C,TG,2688,42
eYAL001C,GA,2689,22
eYAL001C,AT,2690,0
eYAL001C,TC,2691,22
eYAL001C,CT,2692,9
eYAL001C,TA,2693,14
eYAL001C,AT,2694,0
eYAL001C,TT,2695,5
eYAL001C,TG,2696,42
eYAL001C,GC,2697,25
eYAL001C,CA,2698,42
eYAL001C,AA,2699,5
eYAL001C,AA,2700,5
eYAL001C,AA,2701,5
eYAL001C,AT,2702,0
eYAL001C,TC,2703,22
eYAL001C,CA,2704,42
eYAL001C,AA,2705,5
eYAL001C,AG,2706,9
eYAL001C,GG,2707,42
eYAL001C,GG,2708,42
eYAL001C,GT,2709,4
eYAL001C,TA,2710,14
eYAL001C,AT,2711,0
eYAL001C,TG,2712,42
eYAL001C,GA,2713,22
eYAL001C,AT,2714,0
eYAL001C,TA,2715,14
eYAL001C,AG,2716,9
eYAL001C,GT,2717,4
eYAL001C,TA,2718,14
eYAL001C,AA,2719,5
eYAL001C,AT,2720,0
eYAL001C,TA,2721,14
eYAL001C,AG,2722,9
eYAL001C,GT,2723,4
eYAL001C,TG,2724,42
eYAL001C,GC,2725,25
eYAL001C,CT,2726,9
eYAL001C,TG,2727,42
eYAL001C,GA,2728,22
eYAL001C,AT,2729,0
eYAL001C,TG,2730,42
eYAL001C,GA,2731,22
eYAL001C,AG,2732,9
eYAL001C,GG,2733,42
eYAL001C,GA,2734,22
eYAL001C,AT,2735,0
eYAL001C,TT,2736,5
eYAL001C,TC,2737,22
eYAL001C,CT,2738,9
eYAL001C,TG,2739,42
eYAL001C,GT,2740,4
eYAL001C,TA,2741,14
eYAL001C,AT,2742,0
eYAL001C,TT,2743,5
eYAL001C,TA,2744,14
eYAL001C,AG,2745,9
eYAL001C,GA,2746,22
eYAL001C,AC,2747,4
eYAL001C,CA,2748,42
eYAL001C,AA,2749,5
eYAL001C,AC,2750,4
eYAL001C,CA,2751,42
eYAL001C,AA,2752,5
eYAL001C,AG,2753,9
eYAL001C,GG,2754,42
eYAL001C,GC,2755,25
eYAL001C,CA,2756,42
eYAL001C,AA,2757,5
eYAL001C,AG,2758,9
eYAL001C,GT,2759,4
eYAL001C,TT,2760,5
eYAL001C,TT,2761,5
eYAL001C,TG,2762,42
eYAL001C,GG,2763,42
eYAL001C,GA,2764,22
eYAL001C,AA,2765,5
eYAL001C,AG,2766,9
eYAL001C,GA,2767,22
eYAL001C,AA,2768,5
eYAL001C,AA,2769,5
eYAL001C,AT,2770,0
eYAL001C,TC,2771,22
eYAL001C,CA,2772,42
eYAL001C,AG,2773,9
eYAL001C,GA,2774,22
eYAL001C,AT,2775,0
eYAL001C,TG,2776,42
eYAL001C,GT,2777,4
eYAL001C,TG,2778,42
eYAL001C,GT,2779,4
eYAL001C,TG,2780,42
eYAL001C,GA,2781,22
eYAL001C,AA,2782,5
eYAL001C,AA,2783,5
eYAL001C,AT,2784,0
eYAL001C,TA,2785,14
eYAL001C,AC,2786,4
eYAL001C,CA,2787,42
eYAL001C,AT,2788,0
eYAL001C,TG,2789,42
eYAL001C,GA,2790,22
eYAL001C,AA,2791,5
eYAL001C,AA,2792,5
eYAL001C,AG,2793,9
eYAL001C,GA,2794,22
eYAL001C,AC,2795,4
eYAL001C,CG,2796,43
eYAL001C,GT,2797,4
eYAL001C,TT,2798,5
eYAL001C,TC,2799,22
eYAL001C,CC,2800,42
eYAL001C,CA,2801,42
eYAL001C,AG,2802,9
eYAL001C,GA,2803,22
eYAL001C,AT,2804,0
eYAL001C,TT,2805,5
eYAL001C,TC,2806,22
eYAL001C,CT,2807,9
eYAL001C,TA,2808,14
eYAL001C,AA,2809,5
eYAL001C,AA,2810,5
eYAL001C,AG,2811,9
eYAL001C,GG,2812,42
eYAL001C,GC,2813,25
eYAL001C,CT,2814,9
eYAL001C,TC,2815,22
eYAL001C,CA,2816,42
eYAL001C,AC,2817,4
eYAL001C,CC,2818,42
eYAL001C,CT,2819,9
eYAL001C,TA,2820,14
eYAL001C,AC,2821,4
eYAL001C,CG,2822,43
eYAL001C,GT,2823,4
eYAL001C,TT,2824,5
eYAL001C,TT,2825,5
eYAL001C,TG,2826,42
eYAL001C,GA,2827,22
eYAL001C,AG,2828,9
eYAL001C,GG,2829,42
eYAL001C,GA,2830,22
eYAL001C,AT,2831,0
eYAL001C,TG,2832,42
eYAL001C,GA,2833,22
eYAL001C,AA,2834,5
eYAL001C,AA,2835,5
eYAL001C,AA,2836,5
eYAL001C,AA,2837,5
eYAL001C,AG,2838,9
eYAL001C,GA,2839,22
eYAL001C,AA,2840,5
eYAL001C,AT,2841,0
eYAL001C,TA,2842,14
eYAL001C,AC,2843,4
eYAL001C,CT,2844,9
eYAL001C,TT,2845,5
eYAL001C,TA,2846,14
eYAL001C,AA,2847,5
eYAL001C,AA,2848,5
eYAL001C,AG,2849,9
eYAL001C,GA,2850,22
eYAL001C,AA,2851,5
eYAL001C,AA,2852,5
eYAL001C,AG,2853,9
eYAL001C,GT,2854,4
eYAL001C,TG,2855,42
eYAL001C,GC,2856,25
eYAL001C,CT,2857,9
eYAL001C,TT,2858,5
eYAL001C,TG,2859,42
eYAL001C,GT,2860,4
eYAL001C,TG,2861,42
eYAL001C,GG,2862,42
eYAL001C,GT,2863,4
eYAL001C,TG,2864,42
eYAL001C,GT,2865,4
eYAL001C,TC,2866,22
eYAL001C,CG,2867,43
eYAL001C,GC,2868,25
eYAL001C,CC,2869,42
eYAL001C,CA,2870,42
eYAL001C,AA,2871,5
eYAL001C,AA,2872,5
eYAL001C,AA,2873,5
eYAL001C,AA,2874,5
eYAL001C,AA,2875,5
eYAL001C,AT,2876,0
eYAL001C,TC,2877,22
eYAL001C,CC,2878,42
eYAL001C,CT,2879,9
eYAL001C,TG,2880,42
eYAL001C,GC,2881,25
eYAL001C,CT,2882,9
eYAL001C,TG,2883,42
eYAL001C,GT,2884,4
eYAL001C,TT,2885,5
eYAL001C,TA,2886,14
eYAL001C,AA,2887,5
eYAL001C,AA,2888,5
eYAL001C,AT,2889,0
eYAL001C,TT,2890,5
eYAL001C,TG,2891,42
eYAL001C,GA,2892,22
eYAL001C,AA,2893,5
eYAL001C,AG,2894,9
eYAL001C,GT,2895,4
eYAL001C,TT,2896,5
eYAL001C,TT,2897,5
eYAL001C,TG,2898,42
eYAL001C,GA,2899,22
eYAL001C,AT,2900,0
eYAL001C,TA,2901,14
eYAL001C,AA,2902,5
eYAL001C,AA,2903,5
eYAL001C,AG,2904,9
eYAL001C,GA,2905,22
eYAL001C,AG,2906,9
eYAL001C,GA,2907,22
eYAL001C,AA,2908,5
eYAL001C,AA,2909,5
eYAL001C,AA,2910,5
eYAL001C,AG,2911,9
eYAL001C,GA,2912,22
eYAL001C,AC,2913,4
eYAL001C,CT,2914,9
eYAL001C,TC,2915,22
eYAL001C,CT,2916,9
eYAL001C,TC,2917,22
eYAL001C,CT,2918,9
eYAL001C,TA,2919,14
eYAL001C,AA,2920,5
eYAL001C,AA,2921,5
eYAL001C,AG,2922,9
eYAL001C,GC,2923,25
eYAL001C,CC,2924,42
eYAL001C,CT,2925,9
eYAL001C,TT,2926,5
eYAL001C,TT,2927,5
eYAL001C,TA,2928,14
eYAL001C,AT,2929,0
eYAL001C,TT,2930,5
eYAL001C,TG,2931,42
eYAL001C,GC,2932,25
eYAL001C,CA,2933,42
eYAL001C,AG,2934,9
eYAL001C,GC,2935,25
eYAL001C,CG,2936,43
eYAL001C,GA,2937,22
eYAL001C,AT,2938,0
eYAL001C,TT,2939,5
eYAL001C,TG,2940,42
eYAL001C,GC,2941,25
eYAL001C,CA,2942,42
eYAL001C,AT,2943,0
eYAL001C,TG,2944,42
eYAL001C,GG,2945,42
eYAL001C,GC,2946,25
eYAL001C,CT,2947,9
eYAL001C,TC,2948,22
eYAL001C,CG,2949,43
eYAL001C,GT,2950,4
eYAL001C,TT,2951,5
eYAL001C,TG,2952,42
eYAL001C,GA,2953,22
eYAL001C,AA,2954,5
eYAL001C,AG,2955,9
eYAL001C,GT,2956,4
eYAL001C,TA,2957,14
eYAL001C,AG,2958,9
eYAL001C,GT,2959,4
eYAL001C,TA,2960,14
eYAL001C,AA,2961,5
eYAL001C,AA,2962,5
eYAL001C,AA,2963,5
eYAL001C,AC,2964,4
eYAL001C,CG,2965,43
eYAL001C,GG,2966,42
eYAL001C,GT,2967,4
eYAL001C,TC,2968,22
eYAL001C,CT,2969,9
eYAL001C,TA,2970,14
eYAL001C,AA,2971,5
eYAL001C,AA,2972,5
eYAL001C,AA,2973,5
eYAL001C,AA,2974,5
eYAL001C,AT,2975,0
eYAL001C,TG,2976,42
eYAL001C,GG,2977,42
eYAL001C,GT,2978,4
eYAL001C,TA,2979,14
eYAL001C,AT,2980,0
eYAL001C,TT,2981,5
eYAL001C,TC,2982,22
eYAL001C,CG,2983,43
eYAL001C,GT,2984,4
eYAL001C,TC,2985,22
eYAL001C,CA,2986,42
eYAL001C,AG,2987,9
eYAL001C,GA,2988,22
eYAL001C,AT,2989,0
eYAL001C,TA,2990,14
eYAL001C,AA,2991,5
eYAL001C,AT,2992,0
eYAL001C,TT,2993,5
eYAL001C,TG,2994,42
eYAL001C,GA,2995,22
eYAL001C,AT,2996,0
eYAL001C,TT,2997,5
eYAL001C,TT,2998,5
eYAL001C,TG,2999,42
eYAL001C,GA,3000,22
eYAL001C,AA,3001,5
eYAL001C,AA,3002,5
eYAL001C,AC,3003,4
eYAL001C,CG,3004,43
eYAL001C,GT,3005,4
eYAL001C,TG,3006,42
eYAL001C,GA,3007,22
eYAL001C,AT,3008,0
eYAL001C,TA,3009,14
eYAL001C,AG,3010,9
eYAL001C,GT,3011,4
eYAL001C,TC,3012,22
eYAL001C,CA,3013,42
eYAL001C,AT,3014,0
eYAL001C,TG,3015,42
eYAL001C,GA,3016,22
eYAL001C,AC,3017,4
eYAL001C,CG,3018,43
eYAL001C,GG,3019,42
eYAL001C,GG,3020,42
eYAL001C,GG,3021,42
eYAL001C,GC,3022,25
eYAL001C,CC,3023,42
eYAL001C,CG,3024,43
eYAL001C,GA,3025,22
eYAL001C,AT,3026,0
eYAL001C,TA,3027,14
eYAL001C,AA,3028,5
eYAL001C,AT,3029,0
eYAL001C,TA,3030,14
eYAL001C,AA,3031,5
eYAL001C,AT,3032,0
eYAL001C,TC,3033,22
eYAL001C,CC,3034,42
eYAL001C,CC,3035,42
eYAL001C,CT,3036,9
eYAL001C,TA,3037,14
eYAL001C,AT,3038,0
eYAL001C,TA,3039,14
eYAL001C,AT,3040,0
eYAL001C,TT,3041,5
eYAL001C,TA,3042,14
eYAL001C,AA,3043,5
eYAL001C,AC,3044,4
eYAL001C,CA,3045,42
eYAL001C,AT,3046,0
eYAL001C,TA,3047,14
eYAL001C,AA,3048,5
eYAL001C,AG,3049,9
eYAL001C,GA,3050,22
eYAL001C,AG,3051,9
eYAL001C,GA,3052,22
eYAL001C,AC,3053,4
eYAL001C,CC,3054,42
eYAL001C,CA,3055,42
eYAL001C,AT,3056,0
eYAL001C,TT,3057,5
eYAL001C,TT,3058,5
eYAL001C,TA,3059,14
eYAL001C,AG,3060,9
eYAL001C,GC,3061,25
eYAL001C,CA,3062,42
eYAL001C,AA,3063,5
eYAL001C,AC,3064,4
eYAL001C,CA,3065,42
eYAL001C,AA,3066,5
eYAL001C,AT,3067,0
eYAL001C,TA,3068,14
eYAL001C,AA,3069,5
eYAL001C,AC,3070,4
eYAL001C,CG,3071,43
eYAL001C,GA,3072,22
eYAL001C,AG,3073,9
eYAL001C,GC,3074,25
eYAL001C,CT,3075,9
eYAL001C,TC,3076,22
eYAL001C,CG,3077,43
eYAL001C,GC,3078,25
eYAL001C,CA,3079,42
eYAL001C,AA,3080,5
eYAL001C,AT,3081,0
eYAL001C,TT,3082,5
eYAL001C,TG,3083,42
eYAL001C,GA,3084,22
eYAL001C,AT,3085,0
eYAL001C,TT,3086,5
eYAL001C,TT,3087,5
eYAL001C,TA,3088,14
eYAL001C,AC,3089,4
eYAL001C,CA,3090,42
eYAL001C,AA,3091,5
eYAL001C,AA,3092,5
eYAL001C,AG,3093,9
eYAL001C,GG,3094,42
eYAL001C,GG,3095,42
eYAL001C,GC,3096,25
eYAL001C,CA,3097,42
eYAL001C,AT,3098,0
eYAL001C,TG,3099,42
eYAL001C,GT,3100,4
eYAL001C,TT,3101,5
eYAL001C,TG,3102,42
eYAL001C,GT,3103,4
eYAL001C,TG,3104,42
eYAL001C,GA,3105,22
eYAL001C,AA,3106,5
eYAL001C,AA,3107,5
eYAL001C,AC,3108,4
eYAL001C,CT,3109,9
eYAL001C,TA,3110,14
eYAL001C,AT,3111,0
eYAL001C,TT,3112,5
eYAL001C,TA,3113,14
eYAL001C,AA,3114,5
eYAL001C,AA,3115,5
eYAL001C,AG,3116,9
eYAL001C,GC,3117,25
eYAL001C,CT,3118,9
eYAL001C,TC,3119,22
eYAL001C,CA,3120,42
eYAL001C,AA,3121,5
eYAL001C,AA,3122,5
eYAL001C,AC,3123,4
eYAL001C,CG,3124,43
eYAL001C,GA,3125,22
eYAL001C,AT,3126,0
eYAL001C,TA,3127,14
eYAL001C,AT,3128,0
eYAL001C,TG,3129,42
eYAL001C,GT,3130,4
eYAL001C,TG,3131,42
eYAL001C,GA,3132,22
eYAL001C,AC,3133,4
eYAL001C,CT,3134,9
eYAL001C,TG,3135,42
eYAL001C,GG,3136,42
eYAL001C,GT,3137,4
eYAL001C,TC,3138,22
eYAL001C,CA,3139,42
eYAL001C,AA,3140,5
eYAL001C,AG,3141,9
eYAL001C,GA,3142,22
eYAL001C,AT,3143,0
eYAL001C,TC,3144,22
eYAL001C,CC,3145,42
eYAL001C,CT,3146,9
eYAL001C,TA,3147,14
eYAL001C,AG,3148,9
eYAL001C,GA,3149,22
eYAL001C,AA,3150,5
eYAL001C,AG,3151,9
eYAL001C,GT,3152,4
eYAL001C,TG,3153,42
eYAL001C,GT,3154,4
eYAL001C,TG,3155,42
eYAL001C,GA,3156,22
eYAL001C,AC,3157,4
eYAL001C,CA,3158,42
eYAL001C,AG,3159,9
eYAL001C,GG,3160,42
eYAL001C,GA,3161,22
eYAL001C,AC,3162,4
eYAL001C,CG,3163,43
eYAL001C,GT,3164,4
eYAL001C,TA,3165,14
eYAL001C,AT,3166,0
eYAL001C,TC,3167,22
eYAL001C,CA,3168,42
eYAL001C,AA,3169,5
eYAL001C,AA,3170,5
eYAL001C,AA,3171,5
eYAL001C,AA,3172,5
eYAL001C,AA,3173,5
eYAL001C,AA,3174,5
eYAL001C,AT,3175,0
eYAL001C,TA,3176,14
eYAL001C,AA,3177,5
eYAL001C,AA,3178,5
eYAL001C,AC,3179,4
eYAL001C,CC,3180,42
eYAL001C,CA,3181,42
eYAL001C,AC,3182,4
eYAL001C,CT,3183,9
eYAL001C,TT,3184,5
eYAL001C,TG,3185,42
eYAL001C,GT,3186,4
eYAL001C,TT,3187,5
eYAL001C,TA,3188,14
eYAL001C,AC,3189,4
eYAL001C,CT,3190,9
eYAL001C,TT,3191,5
eYAL001C,TC,3192,22
eYAL001C,CT,3193,9
eYAL001C,TT,3194,5
eYAL001C,TC,3195,22
eYAL001C,CT,3196,9
eYAL001C,TT,3197,5
eYAL001C,TG,3198,42
eYAL001C,GA,3199,22
eYAL001C,AA,3200,5
eYAL001C,AG,3201,9
eYAL001C,GT,3202,4
eYAL001C,TT,3203,5
eYAL001C,TG,3204,42
eYAL001C,GC,3205,25
eYAL001C,CC,3206,42
eYAL001C,CA,3207,42
eYAL001C,AA,3208,5
eYAL001C,AA,3209,5
eYAL001C,AG,3210,9
eYAL001C,GC,3211,25
eYAL001C,CA,3212,42
eYAL001C,AG,3213,9
eYAL001C,GG,3214,42
eYAL001C,GA,3215,22
eYAL001C,AG,3216,9
eYAL001C,GG,3217,42
eYAL001C,GG,3218,42
eYAL001C,GA,3219,22
eYAL001C,AA,3220,5
eYAL001C,AA,3221,5
eYAL001C,AG,3222,9
eYAL001C,GG,3223,42
eYAL001C,GG,3224,42
eYAL001C,GA,3225,22
eYAL001C,AT,3226,0
eYAL001C,TC,3227,22
eYAL001C,CA,3228,42
eYAL001C,AA,3229,5
eYAL001C,AC,3230,4
eYAL001C,CA,3231,42
eYAL001C,AC,3232,4
eYAL001C,CA,3233,42
eYAL001C,AA,3234,5
eYAL001C,AT,3235,0
eYAL001C,TG,3236,42
eYAL001C,GG,3237,42
eYAL001C,GA,3238,22
eYAL001C,AT,3239,0
eYAL001C,TC,3240,22
eYAL001C,CT,3241,9
eYAL001C,TG,3242,42
eYAL001C,GG,3243,42
eYAL001C,GC,3244,25
eYAL001C,CC,3245,42
eYAL001C,CC,3246,42
eYAL001C,CA,3247,42
eYAL001C,AT,3248,0
eYAL001C,TT,3249,5
eYAL001C,TG,3250,42
eYAL001C,GG,3251,42
eYAL001C,GA,3252,22
eYAL001C,AT,3253,0
eYAL001C,TA,3254,14
eYAL001C,AC,3255,4
eYAL001C,CT,3256,9
eYAL001C,TA,3257,14
eYAL001C,AT,3258,0
eYAL001C,TT,3259,5
eYAL001C,TA,3260,14
eYAL001C,AA,3261,5
eYAL001C,AC,3262,4
eYAL001C,CT,3263,9
eYAL001C,TG,3264,42
eYAL001C,GG,3265,42
eYAL001C,GA,3266,22
eYAL001C,AT,3267,0
eYAL001C,TA,3268,14
eYAL001C,AT,3269,0
eYAL001C,TC,3270,22
eYAL001C,CC,3271,42
eYAL001C,CC,3272,42
eYAL001C,CA,3273,42
eYAL001C,AA,3274,5
eYAL001C,AA,3275,5
eYAL001C,AA,3276,5
eYAL001C,AA,3277,5
eYAL001C,AG,3278,9
eYAL001C,GG,3279,42
eYAL001C,GA,3280,22
eYAL001C,AA,3281,5
eYAL001C,AT,3282,0
eYAL001C,TC,3283,22
eYAL001C,CA,3284,42
eYAL001C,AA,3285,5
eYAL001C,AC,3286,4
eYAL001C,CA,3287,42
eYAL001C,AA,3288,5
eYAL001C,AT,3289,0
eYAL001C,TC,3290,22
eYAL001C,CG,3291,43
eYAL001C,GG,3292,42
eYAL001C,GG,3293,42
eYAL001C,GA,3294,22
eYAL001C,AA,3295,5
eYAL001C,AT,3296,0
eYAL001C,TT,3297,5
eYAL001C,TC,3298,22
eYAL001C,CA,3299,42
eYAL001C,AG,3300,9
eYAL001C,GC,3301,25
eYAL001C,CT,3302,9
eYAL001C,TT,3303,5
eYAL001C,TT,3304,5
eYAL001C,TT,3305,5
eYAL001C,TG,3306,42
eYAL001C,GA,3307,22
eYAL001C,AG,3308,9
eYAL001C,GA,3309,22
eYAL001C,AC,3310,4
eYAL001C,CA,3311,42
eYAL001C,AG,3312,9
eYAL001C,GA,3313,22
eYAL001C,AT,3314,0
eYAL001C,TA,3315,14
eYAL001C,AT,3316,0
eYAL001C,TT,3317,5
eYAL001C,TA,3318,14
eYAL001C,AT,3319,0
eYAL001C,TA,3320,14
eYAL001C,AG,3321,9
eYAL001C,GA,3322,22
eYAL001C,AT,3323,0
eYAL001C,TG,3324,42
eYAL001C,GA,3325,22
eYAL001C,AT,3326,0
eYAL001C,TG,3327,42
eYAL001C,GT,3328,4
eYAL001C,TT,3329,5
eYAL001C,TG,3330,42
eYAL001C,GG,3331,42
eYAL001C,GT,3332,4
eYAL001C,TC,3333,22
eYAL001C,CA,3334,42
eYAL001C,AC,3335,4
eYAL001C,CT,3336,9
eYAL001C,TC,3337,22
eYAL001C,CA,3338,42
eYAL001C,AT,3339,0
eYAL001C,TA,3340,14
eYAL001C,AC,3341,4
eYAL001C,CT,3342,9
eYAL001C,TC,3343,22
eYAL001C,CA,3344,42
eYAL001C,AG,3345,9
eYAL001C,GT,3346,4
eYAL001C,TC,3347,22
eYAL001C,CG,3348,43
eYAL001C,GG,3349,42
eYAL001C,GT,3350,4
eYAL001C,TA,3351,14
eYAL001C,AT,3352,0
eYAL001C,TT,3353,5
eYAL001C,TA,3354,14
eYAL001C,AC,3355,4
eYAL001C,CT,3356,9
eYAL001C,TG,3357,42
eYAL001C,GA,3358,22
eYAL001C,AG,3359,9
eYAL001C,GG,3360,42
eYAL001C,GA,3361,22
eYAL001C,AT,3362,0
eYAL001C,TA,3363,14
eYAL001C,AG,3364,9
eYAL001C,GC,3365,25
eYAL001C,CC,3366,42
eYAL001C,CT,3367,9
eYAL001C,Tg,3368,0
eYAL001C,ga,3369,0
eYAL001C,at,3370,0
eYAL001C,tt,3371,0
eYAL001C,tt,3372,0
eYAL001C,tt,3373,0
eYAL001C,tg,3374,0
eYAL001C,ga,3375,0
eYAL001C,aa,3376,0
eYAL001C,aa,3377,0
eYAL001C,aa,3378,0
eYAL001C,aa,3379,0
eYAL001C,ag,3380,0
eYAL001C,gg,3381,0
eYAL001C,gg,3382,0
eYAL001C,gc,3383,0
eYAL001C,ca,3384,0
eYAL001C,at,3385,0
eYAL001C,tc,3386,0
eYAL001C,cg,3387,0
eYAL001C,ga,3388,0
eYAL001C,aa,3389,0
eYAL001C,ag,3390,0
eYAL001C,gt,3391,0
eYAL001C,tg,3392,0
eYAL001C,gt,3393,0
eYAL001C,ta,3394,0
eYAL001C,at,3395,0
eYAL001C,tt,3396,0
eYAL001C,tg,3397,0
eYAL001C,gt,3398,0
eYAL001C,tg,3399,0
eYAL001C,ga,3400,0
eYAL001C,at,3401,0
eYAL001C,tg,3402,0
eYAL001C,ga,3403,0
eYAL001C,ac,3404,0
eYAL001C,cg,3405,0
eYAL001C,gt,3406,0
eYAL001C,tt,3407,0
eYAL001C,ta,3408,0
eYAL001C,at,3409,0
eYAL001C,ta,3410,0
eYAL001C,aA,3411,0
eYAL001C,AT,3412,0
eYAL001C,TG,3413,42
eYAL001C,GA,3414,22
eYAL001C,AA,3415,5
eYAL001C,AT,3416,0
eYAL001C,TG,3417,42
eYAL001C,GA,3418,22
eYAL001C,AA,3419,5
eYAL001C,AA,3420,5
eYAL001C,AA,3421,5
eYAL001C,AA,3422,5
eYAL001C,AA,3423,5
eYAL001C,AA,3424,5
eYAL001C,AG,3425,9
eYAL001C,GG,3426,42
eYAL001C,GT,3427,4
eYAL001C,Ta,3428,0
eYAL001C,at,3429,0
eYAL001C,tc,3430,0
eYAL001C,ct,3431,0
eYAL001C,tc,3432,0
eYAL001C,cg,3433,0
eYAL001C,gc,3434,0
eYAL001C,ca,3435,0
eYAL001C,aa,3436,0
eYAL001C,aa,3437,0
eYAL001C,at,3438,0
eYAL001C,ta,3439,0
eYAL001C,at,3440,0
eYAL001C,tt,3441,0
eYAL001C,tt,3442,0
eYAL001C,tt,3443,0
eYAL001C,tg,3444,0
eYAL001C,ga,3445,0
eYAL001C,at,3446,0
eYAL001C,tt,3447,0
eYAL001C,tt,3448,0
eYAL001C,tg,3449,0
eYAL001C,gt,3450,0
eYAL001C,tc,3451,0
eYAL001C,ca,3452,0
eYAL001C,aa,3453,0
eYAL001C,aa,3454,0
eYAL001C,at,3455,0
eYAL001C,tg,3456,0
eYAL001C,ga,3457,0
eYAL001C,at,3458,0
eYAL001C,ta,3459,0
eYAL001C,aa,3460,0
eYAL001C,ag,3461,0
eYAL001C,gg,3462,0
eYAL001C,gt,3463,0
eYAL001C,tt,3464,0
eYAL001C,ta,3465,0
eYAL001C,aa,3466,0
eYAL001C,aa,3467,0
eYAL001C,ac,3468,0
eYAL001C,ca,3469,0
eYAL001C,aa,3470,0
eYAL001C,at,3471,0
eYAL001C,tt,3472,0
eYAL001C,tt,3473,0
eYAL001C,tg,3474,0
eYAL001C,gt,3475,0
eYAL001C,tg,3476,0
eYAL001C,gc,3477,0
eYAL001C,ct,3478,0
eYAL001C,tc,3479,0
eYAL001C,ct,3480,0
eYAL001C,tc,3481,0
eYAL001C,cg,3482,0
eYAL001C,gt,3483,0
eYAL001C,tg,3484,0
eYAL001C,gc,3485,0
eYAL001C,cg,3486,0
eYAL001C,gt,3487,0
eYAL001C,tg,3488,0
eYAL001C,ga,3489,0
eYAL001C,ag,3490,0
eYAL001C,ga,3491,0
eYAL001C,at,3492,0
eYAL001C,tc,3493,0
eYAL001C,ct,3494,0
eYAL001C,tt,3495,0
eYAL001C,tt,3496,0
eYAL001C,tt,3497,0
eYAL001C,ta,3498,0
eYAL001C,ac,3499,0
eYAL001C,ct,3500,0
eYAL001C,ta,3501,0
eYAL001C,aa,3502,0
eYAL001C,ac,3503,0
eYAL001C,ct,3504,0
eYAL001C,ta,3505,0
eYAL001C,ct,3511,0
eYAL001C,tt,3512,0
eYAL001C,ta,3513,0
eYAL001C,ac,3514,0
eYAL001C,cc,3515,0
eYAL001C,ca,3516,0
eYAL001C,aa,3517,0
eYAL001C,aa,3518,0
eYAL001C,ag,3519,0
eYAL001C,ga,3520,0
eYAL001C,aa,3521,0
eYAL001C,aa,3522,0
eYAL001C,at,3523,0
eYAL001C,tc,3524,0
eYAL001C,ca,3525,0
eYAL001C,ac,3526,0
eYAL001C,ca,3527,0
eYAL001C,at,3528,0
eYAL001C,tt,3529,0
eYAL001C,tg,3530,0
eYAL001C,ga,3531,0
eYAL001C,aa,3532,0
eYAL001C,ac,3533,0
eYAL001C,cc,3534,0
eYAL001C,ca,3535,0
eYAL001C,ag,3536,0
eYAL001C,gt,3537,0
eYAL001C,tt,3538,0
eYAL001C,ta,3539,0
eYAL001C,at,3540,0
eYAL001C,tg,3541,0
eYAL001C,gg,3542,0
eYAL001C,gg,3543,0
eYAL001C,ga,3544,0
eYAL001C,at,3545,0
eYAL001C,ta,3546,0
eYAL001C,at,3547,0
eYAL001C,tg,3548,0
eYAL001C,gt,3549,0
eYAL001C,tc,3550,0
eYAL001C,ct,3551,0
eYAL001C,ta,3552,0
eYAL001C,at,3553,0
eYAL001C,tg,3554,0
eYAL001C,gt,3555,0
eYAL001C,tc,3556,0
eYAL001C,ct,3557,0
eYAL001C,tc,3558,0
eYAL001C,ca,3559,0
eYAL001C,at,3560,0
eYAL001C,tt,3561,0
eYAL001C,tt,3562,0
eYAL001C,tt,3563,0
eYAL001C,tt,3564,0
eYAL001C,tt,3565,0
eYAL001C,tt,3566,0
eYAL001C,tt,3567,0
eYAL001C,tg,3568,0
eYAL001C,gc,3569,0
eYAL001C,ag,3574,0
eYAL001C,gt,3575,0
eYAL001C,tc,3576,0
eYAL001C,ct,3577,0
eYAL001C,tt,3578,0
eYAL001C,tt,3579,0
eYAL001C,tc,3580,0
eYAL001C,ct,3581,0
eYAL001C,tc,3582,0
eYAL001C,ct,3583,0
eYAL001C,tc,3584,0
eYAL001C,cg,3585,0
eYAL001C,gt,3586,0
eYAL001C,tg,3587,0
eYAL001C,ga,3588,0
eYAL001C,ag,3589,0
eYAL001C,gg,3590,0
eYAL001C,ga,3591,0
eYAL001C,aa,3592,0
eYAL001C,at,3593,0
eYAL001C,tg,3594,0
eYAL001C,gt,3595,0
eYAL001C,tt,3596,0
eYAL001C,tc,3597,0
eYAL001C,ct,3598,0
eYAL001C,ta,3599,0
eYAL001C,at,3600,0
eYAL001C,tt,3601,0
eYAL001C,tt,3602,0
eYAL001C,tt,3603,0
eYAL001C,tg,3604,0
eYAL001C,gt,3605,0
eYAL001C,ta,3606,0
eYAL001C,aa,3607,0
eYAL001C,at,3608,0
eYAL001C,tt,3609,0
eYAL001C,ta,3610,0
eYAL001C,at,3611,0
eYAL001C,tc,3612,0
eYAL001C,cc,3613,0
eYAL001C,ct,3614,0
eYAL001C,tg,3615,0
eYAL001C,ga,3616,0
eYAL001C,at,3617,0
eYAL001C,tg,3618,0
eYAL001C,ga,3619,0
eYAL001C,aa,3620,0
eYAL001C,at,3621,0
eYAL001C,tt,3622,0
eYAL001C,tg,3623,0
eYAL001C,gg,3624,0
eYAL001C,gt,3625,0
eYAL001C,tt,3626,0
eYAL001C,ta,3627,0
eYAL001C,aa,3628,0
eYAL001C,aa,3629,0
eYAL001C,aa,3630,0
eYAL001C,at,3631,0
eYAL001C,tt,3632,0
eYAL001C,tg,3633,0
eYAL001C,gt,3634,0
eYAL001C,tg,3635,0
eYAL001C,gg,3636,0
eYAL001C,gc,3637,0
eYAL001C,ct,3638,0
eYAL001C,tg,3639,0
eYAL001C,ga,3640,0
eYAL001C,at,3641,0
eYAL001C,tg,3642,0
eYAL001C,ga,3643,0
eYAL001C,aa,3644,0
eYAL001C,aa,3645,0
eYAL001C,at,3646,0
eYAL001C,tt,3647,0
eYAL001C,tg,3648,0
eYAL001C,gc,3649,0
eYAL001C,cc,3650,0
eYAL001C,ct,3651,0
eYAL001C,tc,3652,0
eYAL001C,ca,3653,0
eYAL001C,aa,3654,0
eYAL001C,aa,3655,0
eYAL001C,at,3656,0
eYAL001C,ta,3657,0
eYAL001C,aa,3658,0
eYAL001C,ag,3659,0
eYAL001C,gg,3660,0
eYAL001C,gg,3661,0
eYAL001C,ga,3662,0
eYAL001C,aa,3663,0
eYAL001C,ag,3664,0
eYAL001C,gt,3665,0
eYAL001C,ta,3666,0
eYAL001C,at,3667,0
eYAL001C,ta,3668,0
eYAL001C,aa,3669,0
eYAL001C,aa,3670,0
eYAL001C,ag,3671,0
eYAL001C,gg,3672,0
eYAL001C,ga,3673,0
eYAL001C,aa,3674,0
eYAL001C,ag,3675,0
eYAL001C,ga,3676,0
eYAL001C,ag,3677,0
eYAL001C,gg,3678,0
eYAL001C,gc,3679,0
eYAL001C,ca,3680,0
eYAL001C,aa,3681,0
eYAL001C,ag,3682,0
eYAL001C,gt,3683,0
eYAL001C,tt,3684,0
eYAL001C,tt,3685,0
eYAL001C,ta,3686,0
eYAL001C,at,3687,0
eYAL001C,tt,3688,0
eYAL001C,tg,3689,0
eYAL001C,gg,3690,0
eYAL001C,ga,3691,0
eYAL001C,ag,3692,0
eYAL001C,gc,3693,0
eYAL001C,cg,3694,0
eYAL001C,ga,3695,0
eYAL001C,aa,3696,0
eYAL001C,ac,3697,0
eYAL001C,ca,3701,0
eYAL001C,ag,3702,0
eYAL001C,gg,3703,0
eYAL001C,gt,3704,0
eYAL001C,tg,3705,0
eYAL001C,gg,3706,0
eYAL001C,ga,3707,0
eYAL001C,ag,3708,0
eYAL001C,gt,3709,0
eYAL001C,ta,3710,0
eYAL001C,aa,3711,0
eYAL001C,ac,3712,0
eYAL001C,ct,3713,0
eYAL001C,ta,3714,0
eYAL001C,at,3715,0
eYAL001C,tg,3716,0
eYAL001C,gg,3717,0
eYAL001C,gc,3718,0
eYAL001C,ct,3719,0
eYAL001C,tt,3720,0
eYAL001C,tt,3721,0
eYAL001C,tg,3722,0
eYAL001C,ga,3723,0
eYAL001C,ac,3724,0
eYAL001C,cg,3725,0
eYAL001C,ga,3726,0
eYAL001C,at,3727,0
eYAL001C,tg,3728,0
eYAL001C,ga,3729,0
eYAL001C,aa,3730,0
eYAL001C,at,3731,0
eYAL001C,tt,3732,0
eYAL001C,tt,3733,0
eYAL001C,ga,3736,0
eYAL001C,aa,3737,0
eYAL001C,aa,3738,0
eYAL001C,at,3739,0
eYAL001C,ta,3740,0
eYAL001C,aa,3741,0
eYAL001C,aa,3742,0
eYAL001C,ac,3743,0
eYAL001C,ca,3744,0
eYAL001C,aa,3745,0
eYAL001C,at,3746,0
eYAL001C,tc,3747,0
eYAL001C,ca,3748,0
eYAL001C,aa,3749,0
eYAL001C,at,3750,0
eYAL001C,tc,3751,0
eYAL001C,ca,3752,0
eYAL001C,ac,3753,0
eYAL001C,cg,3754,0
eYAL001C,ta,3762,0
eYAL001C,aa,3763,0
eYAL001C,ag,3764,0
eYAL001C,gg,3765,0
eYAL001C,gt,3766,0
eYAL001C,tg,3767,0
eYAL001C,ga,3768,0
eYAL001C,at,3769,0
eYAL001C,tt,3770,0
eYAL001C,tt,3771,0
eYAL001C,tc,3772,0
eYAL001C,ct,3773,0
eYAL001C,ta,3774,0
eYAL001C,ag,3775,0
eYAL001C,gg,3776,0
eYAL001C,gt,3777,0
eYAL001C,ta,3778,0
eYAL001C,aa,3779,0
eYAL001C,aa,3780,0
eYAL001C,ag,3781,0
eYAL001C,gc,3782,0
eYAL001C,ca,3783,0
eYAL001C,ga,3786,0
eYAL001C,aa,3787,0
eYAL001C,at,3788,0
eYAL001C,tc,3789,0
eYAL001C,ca,3790,0
eYAL001C,at,3791,0
eYAL001C,tt,3792,0
eYAL001C,ta,3793,0
eYAL001C,at,3794,0
eYAL001C,tg,3795,0
eYAL001C,ga,3796,0
eYAL001C,at,3797,0
eYAL001C,ta,3798,0
eYAL001C,at,3799,0
eYAL001C,gg,3807,0
eYAL001C,gt,3808,0
eYAL001C,tt,3809,0
eYAL001C,tt,3810,0
eYAL001C,tt,3811,0
eYAL001C,tt,3812,0
eYAL001C,tc,3813,0
eYAL001C,ct,3814,0
eYAL001C,tc,3815,0
eYAL001C,ct,3816,0
eYAL001C,ta,3817,0
eYAL001C,at,3818,0
eYAL001C,tt,3819,0
eYAL001C,tt,3820,0
eYAL001C,tt,3821,0
eYAL001C,tt,3822,0
eYAL001C,tg,3823,0
eYAL001C,gg,3824,0
eYAL001C,gg,3825,0
eYAL001C,ga,3826,0
eYAL001C,aa,3827,0
eYAL001C,aa,3828,0
eYAL001C,ag,3829,0
eYAL001C,gg,3830,0
eYAL001C,gg,3831,0
eYAL001C,cg,3836,0
eYAL001C,gc,3837,0
eYAL001C,ct,3838,0
eYAL001C,tt,3839,0
eYAL001C,tt,3840,0
eYAL001C,ta,3841,0
eYAL001C,aa,3842,0
eYAL001C,aa,3843,0
eYAL001C,at,3844,0
eYAL001C,tt,3845,0
eYAL001C,tg,3846,0
eYAL001C,gc,3847,0
eYAL001C,ct,3848,0
eYAL001C,ta,3849,0
eYAL001C,ac,3850,0
eYAL001C,cc,3851,0
eYAL001C,ca,3852,0
eYAL001C,aa,3853,0
eYAL001C,at,3854,0
eYAL001C,tt,3855,0
eYAL001C,tt,3856,0
eYAL001C,tt,3857,0
eYAL001C,ta,3858,0
eYAL001C,at,3859,0
eYAL001C,tg,3860,0
eYAL001C,ga,3861,0
eYAL001C,aa,3862,0
eYAL001C,at,3863,0
eYAL001C,tg,3864,0
eYAL001C,gg,3865,0
eYAL001C,gt,3866,0
eYAL001C,ta,3867,0
eYAL001C,at,3868,0
eYAL001C,tt,3869,0
eYAL001C,tt,3870,0
eYAL001C,tc,3871,0
eYAL001C,ca,3872,0
eYAL001C,ac,3873,0
eYAL001C,cc,3874,0
eYAL001C,ct,3875,0
eYAL001C,ta,3876,0
eYAL001C,at,3877,0
eYAL001C,tt,3878,0
eYAL001C,ta,3879,0
eYAL001C,aa,3880,0
eYAL001C,aa,3881,0
eYAL001C,ag,3882,0
eYAL001C,gt,3883,0
eYAL001C,ta,3884,0
eYAL001C,at,3885,0
eYAL001C,tt,3886,0
eYAL001C,tt,3887,0
eYAL001C,tt,3888,0
eYAL001C,tt,3889,0
eYAL001C,tt,3890,0
eYAL001C,tt,3891,0
eYAL001C,tc,3892,0
eYAL001C,cg,3893,0
eYAL001C,gc,3894,0
eYAL001C,cc,3895,0
eYAL001C,ct,3896,0
eYAL001C,tt,3897,0
eYAL001C,tt,3898,0
eYAL001C,tc,3899,0
eYAL001C,ct,3900,0
eYAL001C,tt,3901,0
eYAL001C,tt,3902,0
eYAL001C,tt,3903,0
eYAL001C,ta,3904,0
eYAL001C,at,3905,0
eYAL001C,tt,3906,0
eYAL001C,tt,3907,0
eYAL001C,tt,3908,0
eYAL001C,tc,3909,0
eYAL001C,ca,3910,0
eYAL001C,aa,3911,0
eYAL001C,at,3912,0
eYAL001C,tt,3913,0
eYAL001C,ta,3914,0
eYAL001C,at,3915,0
eYAL001C,tt,3916,0
eYAL001C,tc,3917,0
eYAL001C,ca,3918,0
eYAL001C,ag,3919,0
eYAL001C,ga,3920,0
eYAL001C,aa,3921,0
eYAL001C,at,3922,0
eYAL001C,tt,3923,0
eYAL001C,tt,3924,0
eYAL001C,ta,3925,0
eYAL001C,at,3926,0
eYAL001C,tt,3927,0
eYAL001C,ta,3928,0
eYAL001C,at,3929,0
eYAL001C,tg,3930,0
eYAL001C,gg,3931,0
eYAL001C,gc,3932,0
eYAL001C,ca,3933,0
eYAL001C,at,3934,0
eYAL001C,ta,3935,0
eYAL001C,ac,3936,0
eYAL001C,ca,3937,0
eYAL001C,at,3938,0
eYAL001C,aa,3941,0
eYAL001C,at,3942,0
eYAL001C,ta,3943,0
eYAL001C,aa,3944,0
eYAL001C,at,3945,0
eYAL001C,tg,3946,0
eYAL001C,gg,3947,0
eYAL001C,gc,3948,0
eYAL001C,cg,3949,0
eYAL001C,gt,3950,0
eYAL001C,ta,3951,0
eYAL001C,ac,3952,0
eYAL001C,ca,3953,0
eYAL001C,aa,3954,0
eYAL001C,aa,3955,0
eYAL001C,at,3956,0
eYAL001C,tt,3957,0
eYAL001C,tt,3958,0
eYAL001C,tt,3959,0
eYAL001C,tt,3960,0
eYAL001C,tg,3961,0
eYAL001C,ga,3962,0
eYAL001C,at,3963,0
eYAL001C,ta,3964,0
eYAL001C,at,3965,0
eYAL001C,ta,3966,0
eYAL001C,ac,3967,0
eYAL001C,ca,3968,0
eYAL001C,aa,3969,0
eYAL001C,ag,3970,0
eYAL001C,ga,3971,0
eYAL001C,at,3972,0
eYAL001C,tt,3973,0
eYAL001C,ta,3974,0
eYAL001C,at,3975,0
eYAL001C,ta,3976,0
eYAL001C,at,3977,0
eYAL001C,ta,3978,0
eYAL001C,at,3979,0
eYAL001C,ta,3980,0
eYAL001C,aa,3981,0
eYAL001C,aa,3982,0
eYAL001C,aa,3983,0
eYAL001C,at,3984,0
eYAL001C,ta,3985,0
eYAL001C,at,3986,0
eYAL001C,ta,3987,0
eYAL001C,at,3988,0
eYAL001C,tc,3989,0
eYAL001C,ca,3990,0
eYAL001C,at,3991,0
eYAL001C,tg,3992,0
eYAL001C,gt,3993,0
eYAL001C,tg,3994,0
eYAL001C,ga,3995,0
eYAL001C,ac,3996,0
eYAL001C,ct,3997,0
eYAL001C,tt,3998,0
eYAL001C,ta,3999,0
eYAL001C,aa,4000,0
eYAL001C,aa,4001,0
eYAL001C,at,4002,0
eYAL001C,ta,4003,0
eYAL001C,at,4004,0
eYAL001C,tc,4005,0
eYAL001C,ca,4006,0
eYAL001C,tt,4010,0
eYAL001C,tt,4011,0
eYAL001C,tt,4012,0
eYAL001C,tc,4013,0
eYAL001C,ca,4014,0
eYAL001C,ac,4015,0
eYAL001C,ca,4016,0
eYAL001C,aa,4017,0
eYAL001C,aa,4018,0
eYAL001C,aa,4019,0
eYAL001C,ag,4020,0
eYAL001C,ga,4021,0
eYAL001C,at,4022,0
eYAL001C,tt,4023,0
eYAL001C,tt,4024,0
eYAL001C,tc,4025,0
eYAL001C,ct,4026,0
eYAL001C,tt,4027,0
eYAL001C,tt,4028,0
eYAL001C,tt,4029,0
eYAL001C,tt,4030,0
eYAL001C,tc,4031,0
eYAL001C,ca,4032,0
eYAL001C,aa,4033,0
eYAL001C,ag,4034,0
eYAL001C,ga,4035,0
eYAL001C,aa,4036,0
eYAL001C,ac,4037,0
eYAL001C,ca,4038,0
eYAL001C,at,4039,0
eYAL001C,tt,4040,0
eYAL001C,ta,4041,0
eYAL001C,at,4042,0
eYAL001C,tt,4043,0
eYAL001C,tt,4044,0
eYAL001C,tt,4045,0
eYAL001C,tc,4046,0
eYAL001C,ct,4047,0
eYAL001C,tt,4048,0
eYAL001C,tt,4049,0
eYAL001C,tt,4050,0
eYAL001C,tt,4051,0
eYAL001C,ta,4052,0
eYAL001C,aa,4053,0
eYAL001C,aa,4054,0
eYAL001C,at,4055,0
eYAL001C,ta,4056,0
eYAL001C,aa,4057,0
eYAL001C,aa,4058,0
eYAL001C,aa,4059,0
eYAL001C,aa,4060,0
eYAL001C,aa,4061,0
eYAL001C,aa,4062,0
eYAL001C,aa,4063,0
eYAL001C,aa,4064,0
eYAL001C,at,4065,0
eYAL001C,ta,4066,0
eYAL001C,at,4067,0
eYAL001C,ta,4068,0
eYAL001C,at,4069,0
eYAL001C,ta,4070,0
eYAL001C,aa,4071,0
eYAL001C,aa,4072,0
eYAL001C,at,4073,0
eYAL001C,tt,4074,0
eYAL001C,ta,4075,0
eYAL001C,at,4076,0
eYAL001C,tt,4077,0
eYAL001C,tt,4078,0
eYAL001C,tt,4079,0
eYAL001C,ta,4080,0
eYAL001C,at,4081,0
eYAL001C,tt,4082,0
eYAL001C,tt,4083,0
eYAL001C,tc,4084,0
eYAL001C,ca,4085,0
eYAL001C,aa,4086,0
eYAL001C,aa,4087,0
eYAL001C,aa,4088,0
eYAL001C,ag,4089,0
eYAL001C,gg,4090,0
eYAL001C,ga,4091,0
eYAL001C,aa,4092,0
eYAL001C,aa,4093,0
eYAL001C,ag,4094,0
eYAL001C,ga,4095,0
eYAL001C,at,4096,0
eYAL001C,tg,4097,0
eYAL001C,gt,4098,0
eYAL001C,tt,4099,0
eYAL001C,tc,4100,0
eYAL001C,ct,4101,0
eYAL001C,tg,4102,0
eYAL001C,ga,4103,0
eYAL001C,aa,4104,0
eYAL001C,aa,4105,0
eYAL001C,at,4106,0
eYAL001C,ta,4107,0
eYAL001C,at,4108,0
eYAL001C,ta,4109,0
eYAL001C,aa,4110,0
eYAL001C,at,4111,0
eYAL001C,ta,4112,0
eYAL001C,at,4113,0
eYAL001C,tt,4114,0
eYAL001C,tt,4115,0
eYAL001C,tt,4116,0
eYAL001C,tt,4117,0
eYAL001C,tt,4118,0
eYAL001C,tt,4119,0
eYAL001C,ta,4120,0
eYAL001C,at,4121,0
eYAL001C,ta,4122,0
eYAL001C,at,4123,0
eYAL001C,tc,4124,0
eYAL001C,ct,4125,0
eYAL001C,tt,4126,0
eYAL001C,tc,4127,0
eYAL001C,cg,4128,0
eYAL001C,gg,4129,0
eYAL001C,ga,4130,0
eYAL001C,aa,4131,0
eYAL001C,aa,4132,0
eYAL001C,ag,4133,0
eYAL001C,gc,4134,0
eYAL001C,ca,4135,0
eYAL001C,aa,4136,0
eYAL001C,aa,4137,0
eYAL001C,aa,4138,0
eYAL001C,ac,4141,0
eYAL001C,tg,4144,0
eYAL001C,gt,4145,0
eYAL001C,tg,4146,0
eYAL001C,gt,4147,0
eYAL001C,tt,4148,0
eYAL001C,tt,4149,0
eYAL001C,tt,4150,0
eYAL001C,tc,4151,0
eYAL001C,cc,4152,0
eYAL001C,ct,4153,0
eYAL001C,tc,4154,0
eYAL001C,ca,4155,0
eYAL001C,aa,4156,0
eYAL001C,at,4157,0
eYAL001C,ta,4158,0
eYAL001C,aa,4159,0
eYAL001C,at,4160,0
eYAL001C,ta,4161,0
eYAL001C,ac,4162,0
eYAL001C,ct,4163,0
eYAL001C,gt,4167,0
eYAL001C,tt,4168,0
eYAL001C,tt,4169,0
eYAL001C,ta,4170,0
eYAL001C,aa,4171,0
eYAL001C,at,4172,0
eYAL001C,tt,4173,0
eYAL001C,tc,4174,0
eYAL001C,ct,4175,0
eYAL001C,ta,4176,0
eYAL001C,at,4177,0
eYAL001C,ta,4178,0
eYAL001C,aa,4179,0
eYAL001C,aa,4180,0
eYAL001C,aa,4181,0
eYAL001C,at,4182,0
eYAL001C,tg,4183,0
eYAL001C,gc,4184,0
eYAL001C,ct,4185,0
eYAL001C,tg,4186,0
eYAL001C,ga,4187,0
eYAL001C,aa,4188,0
eYAL001C,aa,4189,0
eYAL001C,aa,4190,0
eYAL001C,aa,4191,0
eYAL001C,aa,4192,0
eYAL001C,aa,4193,0
eYAL001C,at,4194,0
eYAL001C,ta,4195,0
eYAL001C,aa,4196,0
eYAL001C,aa,4197,0
eYAL001C,ac,4198,0
eYAL001C,ct,4199,0
eYAL001C,ta,4200,0
eYAL001C,ac,4201,0
eYAL001C,cg,4202,0
eYAL001C,gc,4203,0
eYAL001C,cg,4204,0
eYAL001C,gc,4205,0
eYAL001C,ct,4206,0
eYAL001C,tt,4207,0
eYAL001C,tc,4208,0
eYAL001C,ca,4209,0
eYAL001C,ag,4210,0
eYAL001C,ga,4211,0
eYAL001C,aa,4212,0
eYAL001C,ag,4213,0
eYAL001C,ga,4214,0
eYAL001C,ag,4215,0
eYAL001C,gg,4216,0
eYAL001C,gt,4217,0
eYAL001C,ta,4218,0
eYAL001C,at,4219,0
eYAL001C,tt,4220,0
eYAL001C,tc,4221,0
eYAL001C,ca,4222,0
eYAL001C,at,4223,0
eYAL001C,ta,4224,0
eYAL001C,ac,4225,0
eYAL001C,cg,4226,0
eYAL001C,ga,4227,0
eYAL001C,aa,4228,0
eYAL001C,aa,4229,0
eYAL001C,ac,4230,0
eYAL001C,cc,4231,0
eYAL001C,ca,4232,0
eYAL001C,aa,4233,0
eYAL001C,aa,4234,0
eYAL001C,at,4235,0
eYAL001C,tt,4236,0
eYAL001C,ta,4237,0
eYAL001C,aa,4238,0
eYAL001C,at,4239,0
eYAL001C,ta,4240,0
eYAL001C,aa,4241,0
eYAL001C,ag,4242,0
eYAL001C,gg,4243,0
eYAL001C,gt,4244,0
eYAL001C,tg,4245,0
eYAL001C,gt,4246,0
eYAL001C,tt,4247,0
eYAL001C,tc,4248,0
eYAL001C,ct,4249,0
eYAL001C,ta,4250,0
eYAL001C,ac,4251,0
eYAL001C,ct,4252,0
eYAL001C,tt,4253,0
eYAL001C,ta,4254,0
eYAL001C,ag,4255,0
eYAL001C,gc,4256,0
eYAL001C,ct,4257,0
eYAL001C,ta,4258,0
eYAL001C,ac,4259,0
eYAL001C,ct,4260,0
eYAL001C,cc,4268,0
eYAL001C,ca,4269,0
eYAL001C,at,4270,0
eYAL001C,tc,4271,0
eYAL001C,ca,4272,0
eYAL001C,ac,4273,0
eYAL001C,ca,4274,0
eYAL001C,aa,4275,0
eYAL001C,at,4276,0
eYAL001C,tt,4277,0
eYAL001C,tc,4278,0
eYAL001C,ct,4279,0
eYAL001C,tt,4280,0
eYAL001C,tt,4281,0
eYAL001C,tt,4282,0
eYAL001C,ta,4283,0
eYAL001C,at,4284,0
eYAL001C,tc,4285,0
eYAL001C,ca,4286,0
eYAL001C,ac,4287,0
eYAL001C,ca,4288,0
eYAL001C,at,4289,0
eYAL001C,ta,4290,0
eYAL001C,ac,4291,0
eYAL001C,ct,4292,0
eYAL001C,tc,4293,0
eYAL001C,cg,4294,0
eYAL001C,gt,4295,0
eYAL001C,tc,4296,0
eYAL001C,ca,4297,0
eYAL001C,aa,4298,0
eYAL001C,aa,4299,0
eYAL001C,at,4300,0
eYAL001C,tt,4301,0
eYAL001C,ta,4302,0
eYAL001C,aa,4303,0
eYAL001C,at,4304,0
eYAL001C,ta,4305,0
eYAL001C,tt,4318,0
eYAL001C,tt,4319,0
eYAL001C,tt,4320,0
eYAL001C,ta,4321,0
eYAL001C,ga,4324,0
eYAL001C,at,4325,0
eYAL001C,ta,4326,0
eYAL001C,at,4327,0
eYAL001C,tt,4328,0
eYAL001C,tt,4329,0
eYAL001C,tc,4330,0
eYAL001C,ca,4331,0
eYAL001C,at,4332,0
eYAL001C,tc,4333,0
eYAL001C,ca,4334,0
eYAL001C,ga,4342,0
eYAL001C,ag,4343,0
eYAL001C,gt,4344,0
eYAL001C,tg,4345,0
eYAL001C,gc,4346,0
eYAL001C,ct,4347,0
eYAL001C,tt,4356,0
eYAL001C,tt,4357,0
eYAL001C,tc,4358,0
eYAL001C,cc,4359,0
eYAL001C,ca,4360,0
eYAL001C,at,4361,0
eYAL001C,tg,4362,0
eYAL001C,gt,4363,0
eYAL001C,tt,4364,0
eYAL001C,tc,4365,0
eYAL001C,ct,4366,0
eYAL001C,tg,4367,0
eYAL001C,gg,4368,0
eYAL001C,tg,4371,0
eYAL001C,gt,4372,0
eYAL001C,tc,4373,0
eYAL001C,cc,4374,0
eYAL001C,ct,4375,0
eYAL001C,tt,4376,0
eYAL001C,tg,4377,0
eYAL001C,gt,4378,0
eYAL001C,tt,4379,0
eYAL001C,tt,4380,0
eYAL001C,tt,4381,0
eYAL001C,tt,4382,0
eYAL001C,ta,4383,0
eYAL001C,at,4384,0
eYAL001C,tt,4385,0
eYAL001C,tt,4386,0
eYAL001C,tc,4387,0
eYAL001C,ct,4388,0
eYAL001C,tt,4389,0
eYAL001C,tg,4390,0
eYAL001C,gg,4391,0
eYAL001C,ga,4392,0
eYAL001C,aa,4393,0
eYAL001C,aa,4394,0
eYAL001C,aa,4395,0
eYAL001C,aa,4396,0
eYAL001C,aa,4397,0
eYAL001C,at,4398,0
eYAL001C,ta,4399,0
eYAL001C,aa,4400,0
eYAL001C,aa,4401,0
eYAL001C,at,4402,0
eYAL001C,tt,4403,0
eYAL001C,tt,4404,0
eYAL001C,tg,4405,0
eYAL001C,gg,4406,0
eYAL001C,gg,4407,0
eYAL001C,ga,4408,0
eYAL001C,aa,4409,0
eYAL001C,aa,4410,0
eYAL001C,ac,4411,0
eYAL001C,at,4415,0
eYAL001C,ta,4416,0
eYAL001C,at,4417,0
eYAL001C,tt,4418,0
eYAL001C,tc,4419,0
eYAL001C,ct,4420,0
eYAL001C,tg,4421,0
eYAL001C,gg,4422,0
eYAL001C,gt,4423,0
eYAL001C,tc,4424,0
eYAL001C,ca,4425,0
eYAL001C,aa,4426,0
eYAL001C,at,4427,0
eYAL001C,tg,4428,0
eYAL001C,ga,4429,0
eYAL001C,aa,4430,0
eYAL001C,aa,4431,0
eYAL001C,aa,4432,0
eYAL001C,ac,4433,0
eYAL001C,ca,4434,0
eYAL001C,aa,4435,0
eYAL001C,aa,4436,0
eYAL001C,at,4437,0
eYAL001C,tg,4438,0
eYAL001C,ga,4439,0
eYAL001C,aa,4440,0
eYAL001C,at,4441,0
eYAL001C,ta,4442,0
eYAL001C,ac,4443,0
eYAL001C,ct,4444,0
eYAL001C,tc,4445,0
eYAL001C,ct,4446,0
eYAL001C,tg,4447,0
eYAL001C,gt,4448,0
eYAL001C,tt,4449,0
eYAL001C,tt,4450,0
eYAL001C,tt,4451,0
eYAL001C,tg,4452,0
eYAL001C,gc,4453,0
eYAL001C,cg,4454,0
eYAL001C,gt,4455,0
eYAL001C,tc,4456,0
eYAL001C,ct,4457,0
eYAL001C,tt,4458,0
eYAL001C,tt,4459,0
eYAL001C,tc,4460,0
eYAL001C,ct,4461,0
eYAL001C,tt,4462,0
eYAL001C,gc,4465,0
eYAL001C,ca,4466,0
eYAL001C,at,4467,0
eYAL001C,ta,4468,0
eYAL001C,ac,4469,0
eYAL001C,ca,4470,0
eYAL001C,at,4471,0
eYAL001C,tt,4472,0
eYAL001C,tc,4473,0
eYAL001C,cg,4474,0
eYAL001C,ga,4475,0
eYAL001C,aa,4476,0
eYAL001C,aa,4477,0
eYAL001C,aa,4478,0
eYAL001C,aa,4479,0
eYAL001C,at,4480,0
eYAL001C,tt,4481,0
eYAL001C,ta,4482,0
eYAL001C,at,4483,0
eYAL001C,ta,4484,0
eYAL001C,aa,4485,0
eYAL001C,ag,4486,0
eYAL001C,ga,4487,0
eYAL001C,aa,4488,0
eYAL001C,ac,4489,0
eYAL001C,ca,4490,0
eYAL001C,at,4491,0
eYAL001C,ta,4492,0
eYAL001C,aa,4493,0
eYAL001C,ta,4496,0
eYAL001C,aa,4497,0
eYAL001C,ac,4498,0
eYAL001C,ct,4499,0
eYAL001C,tc,4500,0
eYAL001C,ca,4501,0
eYAL001C,ag,4502,0
eYAL001C,gt,4503,0
eYAL001C,tt,4504,0
eYAL001C,tt,4505,0
eYAL001C,ta,4506,0
eYAL001C,ac,4507,0
eYAL001C,ca,4508,0
eYAL001C,ag,4509,0
eYAL001C,ga,4510,0
eYAL001C,aa,4511,0
eYAL001C,at,4516,0
eYAL001C,tt,4517,0
eYAL001C,tt,4518,0
eYAL001C,ta,4519,0
eYAL001C,ag,4520,0
eYAL001C,ga,4521,0
eYAL001C,ag,4522,0
eYAL001C,gg,4523,0
eYAL001C,gc,4524,0
eYAL001C,cc,4525,0
eYAL001C,ct,4526,0
eYAL001C,tt,4527,0
eYAL001C,tc,4528,0
eYAL001C,ca,4529,0
eYAL001C,at,4530,0
eYAL001C,tg,4531,0
eYAL001C,gt,4532,0
eYAL001C,tt,4533,0
eYAL001C,ta,4534,0
eYAL001C,at,4535,0
eYAL001C,ta,4536,0
eYAL001C,ag,4537,0
eYAL001C,ga,4538,0
eYAL001C,aa,4539,0
eYAL001C,aa,4540,0
eYAL001C,aa,4541,0
eYAL001C,aa,4542,0
eYAL001C,aa,4543,0
eYAL001C,ac,4544,0
eYAL001C,ct,4545,0
eYAL001C,ta,4546,0
eYAL001C,at,4547,0
eYAL001C,tt,4548,0
eYAL001C,tt,4549,0
eYAL001C,tg,4550,0
eYAL001C,gg,4551,0
eYAL001C,gc,4552,0
eYAL001C,ct,4553,0
eYAL001C,tt,4554,0
eYAL001C,ta,4555,0
eYAL001C,ag,4556,0
eYAL001C,gg,4557,0
eYAL001C,ga,4558,0
eYAL001C,ac,4559,0
eYAL001C,ct,4560,0
eYAL001C,tt,4561,0
eYAL001C,ta,4562,0
eYAL001C,ac,4563,0
eYAL001C,at,4566,0
eYAL001C,ta,4567,0
eYAL001C,at,4568,0
eYAL001C,tt,4569,0
eYAL001C,tg,4570,0
eYAL001C,ga,4571,0
eYAL001C,aa,4572,0
eYAL001C,ag,4573,0
eYAL001C,gt,4574,0
eYAL001C,ta,4575,0
eYAL001C,ag,4576,0
eYAL001C,ga,4577,0
eYAL001C,aa,4578,0
eYAL001C,aa,4579,0
eYAL001C,ac,4580,0
eYAL001C,ct,4581,0
eYAL001C,tc,4582,0
eYAL001C,cc,4583,0
eYAL001C,ct,4584,0
eYAL001C,tt,4585,0
eYAL001C,tg,4586,0
eYAL001C,ga,4587,0
eYAL001C,ag,4588,0
eYAL001C,gt,4589,0
eYAL001C,tt,4590,0
eYAL001C,ta,4591,0
eYAL001C,aa,4592,0
eYAL001C,aa,4593,0
eYAL001C,at,4594,0
eYAL001C,tt,4595,0
eYAL001C,tt,4596,0
eYAL001C,tt,4597,0
eYAL001C,tg,4598,0
eYAL001C,ga,4599,0
eYAL001C,ag,4600,0
eYAL001C,ga,4601,0
eYAL001C,ag,4602,0
eYAL001C,ga,4603,0
eYAL001C,aa,4604,0
eYAL001C,ag,4605,0
eYAL001C,gt,4606,0
eYAL001C,tt,4607,0
eYAL001C,tt,4608,0
eYAL001C,tg,4609,0
eYAL001C,gt,4610,0
eYAL001C,tg,4611,0
eYAL001C,ga,4612,0
eYAL001C,aa,4613,0
eYAL001C,ac,4614,0
eYAL001C,ct,4615,0
eYAL001C,tt,4616,0
eYAL001C,tt,4617,0
eYAL001C,ta,4618,0
eYAL001C,at,4619,0
eYAL001C,tg,4620,0
eYAL001C,ga,4621,0
eYAL001C,at,4622,0
eYAL001C,tg,4623,0
eYAL001C,gc,4624,0
eYAL001C,ca,4625,0
eYAL001C,aa,4626,0
eYAL001C,aa,4627,0
eYAL001C,ta,4632,0
eYAL001C,aa,4633,0
eYAL001C,aa,4634,0
eYAL001C,aa,4635,0
eYAL001C,aa,4636,0
eYAL001C,aa,4637,0
eYAL001C,aa,4638,0
eYAL001C,aa,4639,0
eYAL001C,at,4640,0
eYAL001C,ta,4641,0
eYAL001C,aa,4642,0
eYAL001C,ac,4643,0
eYAL001C,ct,4644,0
eYAL001C,tt,4645,0
eYAL001C,tc,4646,0
eYAL001C,ct,4647,0
eYAL001C,tc,4648,0
eYAL001C,ca,4649,0
eYAL001C,aa,4650,0
eYAL001C,ac,4651,0
eYAL001C,ca,4652,0
eYAL001C,aa,4653,0
eYAL001C,at,4654,0
eYAL001C,ta,4655,0
eYAL001C,ac,4656,0
eYAL001C,ca,4657,0
eYAL001C,aa,4658,0
eYAL001C,at,4659,0
eYAL001C,ta,4660,0
eYAL001C,at,4661,0
eYAL001C,ta,4662,0
eYAL001C,aa,4663,0
eYAL001C,aa,4664,0
eYAL001C,ac,4665,0
eYAL001C,cc,4666,0
eYAL001C,ca,4667,0
eYAL001C,ac,4668,0
eYAL001C,ca,4669,0
eYAL001C,at,4670,0
eYAL001C,ta,4671,0
eYAL001C,ag,4672,0
eYAL001C,gg,4673,0
eYAL001C,gc,4674,0
eYAL001C,ca,4675,0
eYAL001C,at,4676,0
eYAL001C,ta,4677,0
eYAL001C,ag,4678,0
eYAL001C,gg,4679,0
eYAL001C,gg,4680,0
eYAL001C,gc,4681,0
eYAL001C,cc,4682,0
eYAL001C,ca,4683,0
eYAL001C,at,4684,0
eYAL001C,ta,4685,0
eYAL001C,aa,4686,0
eYAL001C,aa,4687,0
eYAL001C,at,4688,0
eYAL001C,tt,4689,0
eYAL001C,ta,4690,0
eYAL001C,at,4691,0
eYAL001C,ta,4692,0
eYAL001C,at,4693,0
eYAL001C,tc,4694,0
eYAL001C,ca,4695,0
eYAL001C,aa,4696,0
eYAL001C,ag,4697,0
eYAL001C,gt,4698,0
eYAL001C,tt,4699,0
eYAL001C,tt,4700,0
eYAL001C,tt,4701,0
eYAL001C,ta,4702,0
eYAL001C,ac,4703,0
eYAL001C,ca,4704,0
eYAL001C,at,4705,0
eYAL001C,tt,4706,0
eYAL001C,tc,4707,0
eYAL001C,ct,4708,0
eYAL001C,tg,4709,0
eYAL001C,ga,4710,0
eYAL001C,aa,4711,0
eYAL001C,at,4712,0
eYAL001C,tt,4713,0
eYAL001C,tc,4714,0
eYAL001C,cg,4715,0
eYAL001C,gc,4716,0
eYAL001C,ca,4717,0
eYAL001C,ag,4718,0
eYAL001C,ga,4719,0
eYAL001C,aa,4720,0
eYAL001C,aa,4721,0
eYAL001C,aa,4722,0
eYAL001C,aa,4723,0
eYAL001C,aa,4724,0
eYAL001C,aa,4725,0
eYAL001C,aa,4726,0
eYAL001C,ag,4727,0
eYAL001C,gc,4728,0
eYAL001C,ct,4729,0
eYAL001C,tt,4730,0
eYAL001C,tc,4731,0
eYAL001C,ca,4732,0
eYAL001C,aa,4733,0
eYAL001C,aa,4734,0
eYAL001C,aa,4735,0
eYAL001C,aa,4736,0
eYAL001C,aa,4737,0
eYAL001C,aa,4738,0
eYAL001C,aa,4739,0
eYAL001C,aa,4740,0
eYAL001C,aa,4741,0
eYAL001C,aa,4742,0
eYAL001C,aa,4743,0
eYAL001C,aa,4744,0
eYAL001C,aa,4745,0
eYAL001C,ga,4749,0
eYAL001C,aa,4750,0
eYAL001C,ag,4751,0
eYAL001C,gt,4752,0
eYAL001C,tg,4753,0
eYAL001C,gc,4754,0
eYAL001C,ca,4755,0
eYAL001C,aa,4756,0
eYAL001C,aa,4757,0
eYAL001C,at,4758,0
eYAL001C,tg,4759,0
eYAL001C,gt,4760,0
eYAL001C,ta,4761,0
eYAL001C,ag,4762,0
eYAL001C,gg,4763,0
eYAL001C,gg,4764,0
eYAL001C,gt,4765,0
eYAL001C,tt,4766,0
eYAL001C,tt,4767,0
eYAL001C,tg,4768,0
eYAL001C,gt,4769,0
eYAL001C,tt,4770,0
eYAL001C,tg,4771,0
eYAL001C,gc,4772,0
eYAL001C,ct,4773,0
eYAL001C,tt,4774,0
eYAL001C,tt,4775,0
eYAL001C,ta,4776,0
eYAL001C,aa,4777,0
eYAL001C,at,4778,0
eYAL001C,ta,4779,0
eYAL001C,aa,4780,0
eYAL001C,aa,4781,0
eYAL001C,ac,4782,0
eYAL001C,ct,4783,0
eYAL001C,tt,4784,0
eYAL001C,tg,4785,0
eYAL001C,ga,4786,0
eYAL001C,at,4787,0
eYAL001C,at,4791,0
eYAL001C,ta,4792,0
eYAL001C,ag,4793,0
eYAL001C,gt,4794,0
eYAL001C,tg,4795,0
eYAL001C,ga,4796,0
eYAL001C,at,4797,0
eYAL001C,tt,4798,0
eYAL001C,ta,4799,0
eYAL001C,at,4800,0
eYAL001C,ta,4801,0
eYAL001C,ac,4802,0
eYAL001C,ca,4803,0
eYAL001C,ag,4804,0
eYAL001C,gt,4805,0
eYAL001C,tg,4806,0
eYAL001C,gg,4807,0
eYAL001C,tt,4810,0
eYAL001C,tg,4811,0
eYAL001C,gt,4812,0
eYAL001C,tt,4813,0
eYAL001C,ta,4814,0
eYAL001C,ac,4815,0
eYAL001C,cc,4816,0
eYAL001C,cg,4817,0
eYAL001C,gt,4818,0
eYAL001C,tt,4819,0
eYAL001C,tt,4820,0
eYAL001C,ta,4821,0
eYAL001C,aa,4822,0
eYAL001C,aa,4823,0
eYAL001C,at,4824,0
eYAL001C,ta,4825,0
eYAL001C,aa,4826,0
eYAL001C,at,4827,0
eYAL001C,ta,4828,0
eYAL001C,at,4829,0
eYAL001C,tc,4830,0
eYAL001C,cc,4831,0
eYAL001C,ct,4832,0
eYAL001C,tg,4833,0
eYAL001C,ga,4834,0
eYAL001C,aa,4835,0
eYAL001C,at,4836,0
eYAL001C,tt,4837,0
eYAL001C,tg,4838,0
eYAL001C,gc,4839,0
eYAL001C,ct,4840,0
eYAL001C,tt,4841,0
eYAL001C,ta,4842,0
eYAL001C,at,4843,0
eYAL001C,tt,4844,0
eYAL001C,tt,4845,0
